season,mnth,holiday,workingday,temp,hum,windspeed,cnt
1,1,0,0,0.16,0.93,0.1045,20
1,1,0,1,0.36,0.93,0.2537,3
4,12,0,0,0.36,0.93,0.1343,229
2,4,0,0,0.38,0.87,0.0896,57
4,11,0,0,0.36,0.5,0.3284,455
1,1,0,1,0.26,0.6,0.3582,9
1,2,0,1,0.18,0.86,0.0,95
4,12,0,1,0.32,0.87,0.0,8
1,12,1,0,0.22,0.93,0.1642,6
4,9,0,1,0.56,0.52,0.2985,170
1,1,0,0,0.42,0.88,0.2537,37
1,3,0,1,0.24,0.52,0.0896,7
1,3,0,1,0.36,0.87,0.0896,101
3,7,0,1,0.82,0.43,0.2239,209
1,1,0,1,0.22,0.37,0.3284,57
4,10,0,0,0.4,0.62,0.2537,31
1,2,0,1,0.2,0.37,0.2537,79
1,3,0,1,0.44,0.77,0.2537,57
1,3,0,1,0.6,0.43,0.3881,302
4,10,0,0,0.3,0.87,0.2985,17
3,8,0,0,0.68,0.69,0.2836,288
2,4,0,0,0.7,0.45,0.2836,609
1,12,0,1,0.24,0.87,0.3284,3
4,10,0,0,0.68,0.51,0.1642,407
3,8,0,1,0.7,0.65,0.2836,95
4,9,0,0,0.58,1.0,0.0896,93
1,1,0,0,0.16,0.8,0.2836,2
1,2,0,1,0.28,0.45,0.1343,147
2,3,0,1,0.58,0.6,0.2537,261
2,4,0,0,0.56,0.37,0.1343,499
1,2,0,1,0.36,0.46,0.4179,254
2,5,1,0,0.8,0.55,0.2537,269
2,3,0,1,0.28,0.93,0.194,58
4,11,1,0,0.36,0.76,0.0,44
4,9,0,1,0.7,0.51,0.2537,410
4,10,0,0,0.38,0.5,0.194,314
1,2,0,1,0.22,0.47,0.4627,50
2,6,0,1,0.86,0.47,0.1642,180
3,8,0,1,0.6,0.83,0.0,3
2,5,0,1,0.6,0.73,0.2239,489
1,1,0,1,0.14,0.5,0.2985,31
4,10,0,1,0.5,0.45,0.5821,164
4,11,0,1,0.34,0.66,0.3284,8
2,4,0,0,0.68,0.65,0.2537,388
4,11,0,1,0.46,0.36,0.3881,290
3,7,0,1,0.8,0.36,0.194,439
3,9,0,0,0.66,0.89,0.2836,117
3,9,1,0,0.66,0.89,0.0,4
3,8,0,1,0.72,0.79,0.0896,5
4,10,0,0,0.38,0.66,0.0896,10
3,9,0,1,0.72,0.51,0.194,894
4,11,0,1,0.48,0.39,0.0896,300
3,7,0,1,0.68,0.89,0.1045,7
2,4,0,0,0.4,0.82,0.2537,79
3,9,0,1,0.6,0.94,0.2537,70
1,12,0,1,0.46,0.88,0.3881,61
4,10,0,0,0.54,0.37,0.2239,591
4,11,0,0,0.48,0.72,0.2537,32
3,7,0,0,0.96,0.3,0.1343,308
4,10,0,1,0.48,0.82,0.3582,26
4,11,0,0,0.24,0.44,0.2836,10
3,6,0,0,0.74,0.42,0.0,331
4,10,0,1,0.56,0.46,0.5821,566
3,7,0,1,0.64,0.94,0.1343,46
4,11,0,0,0.22,0.44,0.194,36
1,3,0,0,0.3,0.49,0.4478,118
1,1,0,1,0.2,0.47,0.0,45
2,4,0,1,0.46,0.47,0.2537,119
1,1,0,1,0.24,0.65,0.3284,31
1,1,0,1,0.26,0.3,0.2836,77
1,3,0,1,0.36,0.5,0.1343,2
1,2,0,1,0.22,0.37,0.2537,78
3,8,0,0,0.74,0.74,0.6418,194
4,11,1,0,0.34,0.39,0.3284,310
3,6,0,0,0.84,0.32,0.2537,532
1,1,0,0,0.16,0.8,0.0896,32
4,12,0,0,0.26,0.56,0.2239,59
4,10,0,1,0.64,0.47,0.3284,282
3,8,0,1,0.76,0.58,0.3582,307
3,8,0,1,0.7,0.74,0.0,7
3,6,0,1,0.82,0.56,0.2537,147
3,9,0,1,0.68,0.61,0.1343,138
3,7,0,0,0.58,0.88,0.2537,268
2,5,0,1,0.64,0.73,0.1045,530
4,10,0,1,0.58,0.56,0.3284,309
4,10,0,1,0.58,0.46,0.0,272
1,3,0,1,0.2,0.75,0.1343,1
2,6,0,0,0.5,0.77,0.194,36
1,2,0,0,0.3,0.39,0.6119,210
1,2,1,0,0.22,0.55,0.4478,143
4,10,0,1,0.46,0.41,0.3582,520
3,7,0,1,0.74,0.7,0.2537,370
4,11,1,0,0.32,0.57,0.2836,11
4,9,0,1,0.66,0.54,0.2985,808
2,5,0,0,0.62,0.61,0.0,248
1,3,0,1,0.28,0.55,0.6567,375
3,9,0,1,0.7,0.84,0.0896,8
4,11,0,1,0.4,0.54,0.1642,214
4,10,0,1,0.52,0.94,0.0896,11
1,2,1,0,0.24,0.52,0.4179,10
4,10,0,0,0.5,0.59,0.1343,363
2,4,0,1,0.52,0.77,0.3582,49
1,2,0,1,0.16,0.5,0.2985,2
3,6,0,0,0.72,0.48,0.1343,317
4,10,0,1,0.3,0.81,0.0896,8
1,1,0,0,0.06,0.38,0.1343,63
2,4,0,1,0.48,0.55,0.2537,333
2,6,0,1,0.66,0.65,0.2239,431
3,7,0,0,0.74,0.74,0.194,14
4,11,0,1,0.4,0.37,0.3582,196
2,5,0,0,0.52,0.48,0.0,178
3,8,0,1,0.76,0.48,0.1343,610
4,12,0,0,0.38,0.87,0.194,232
1,1,0,1,0.26,0.56,0.0896,88
1,1,0,0,0.3,0.33,0.2836,69
4,9,0,1,0.52,0.83,0.1045,15
2,6,0,0,0.7,0.79,0.0896,77
4,10,0,1,0.36,0.57,0.0896,101
1,12,0,1,0.3,0.61,0.2985,35
3,8,0,1,0.76,0.55,0.2239,347
1,3,0,1,0.48,0.82,0.0896,258
3,6,0,1,0.74,0.58,0.1642,359
1,12,0,1,0.22,0.64,0.1642,110
1,2,0,1,0.34,0.53,0.2537,227
3,6,0,1,0.7,0.54,0.2239,336
4,10,0,0,0.6,0.73,0.194,395
4,11,0,1,0.58,0.6,0.1642,150
2,5,0,1,0.66,0.69,0.2537,174
1,1,0,1,0.3,0.42,0.4627,93
2,4,0,1,0.48,0.44,0.2985,265
4,12,0,1,0.44,0.82,0.194,221
2,5,0,0,0.66,0.61,0.2239,358
4,11,0,0,0.24,0.6,0.2537,41
4,11,0,1,0.2,0.69,0.0,5
3,9,0,0,0.64,0.69,0.2537,377
2,3,0,1,0.46,0.47,0.2836,282
1,1,0,1,0.24,0.56,0.1343,5
3,8,0,0,0.72,0.74,0.2537,19
4,9,0,1,0.6,0.94,0.194,8
3,7,0,0,0.7,0.7,0.1045,504
4,11,0,1,0.28,0.65,0.2239,40
2,4,0,1,0.56,0.94,0.2537,17
2,5,0,1,0.7,0.74,0.194,634
2,6,0,0,0.6,0.46,0.194,300
3,6,0,1,0.78,0.31,0.194,163
4,10,0,1,0.56,0.52,0.2985,217
3,7,0,0,0.9,0.24,0.1343,294
1,2,0,1,0.26,0.33,0.1045,101
4,10,0,1,0.4,0.43,0.3881,355
1,2,0,0,0.16,0.69,0.0896,30
3,9,0,1,0.68,0.65,0.194,355
4,10,0,1,0.36,0.53,0.1642,368
3,7,0,1,0.7,0.7,0.0896,116
4,10,0,1,0.44,0.58,0.194,136
1,2,0,1,0.4,0.43,0.4627,410
2,4,0,0,0.36,0.93,0.4179,35
4,12,0,1,0.26,0.65,0.1343,92
1,2,0,1,0.48,0.41,0.2239,101
3,7,0,1,0.66,0.83,0.1343,8
1,1,0,1,0.5,0.29,0.3284,160
2,4,0,1,0.6,0.2,0.194,543
4,9,0,1,0.72,0.62,0.1343,209
2,5,0,0,0.72,0.3,0.1045,672
3,9,0,1,0.6,0.88,0.2537,36
3,7,0,1,0.72,0.54,0.0,53
2,5,0,1,0.62,0.83,0.1642,376
3,7,0,0,0.8,0.46,0.2985,367
2,6,0,1,0.8,0.43,0.2836,146
2,5,0,1,0.42,0.5,0.194,9
2,5,0,1,0.62,0.69,0.3284,71
1,3,0,0,0.36,0.51,0.3582,157
3,9,0,0,0.5,0.68,0.2836,249
4,11,0,1,0.3,0.49,0.1045,161
2,4,0,0,0.6,0.83,0.2836,105
2,3,0,0,0.44,0.88,0.1642,414
2,3,0,1,0.44,0.72,0.194,370
2,4,0,1,0.5,0.27,0.3881,656
4,10,0,0,0.56,0.49,0.2985,153
2,5,0,1,0.76,0.66,0.1045,210
3,8,0,1,0.66,0.74,0.1045,12
4,10,0,1,0.46,0.77,0.1045,784
4,11,0,1,0.44,0.54,0.194,257
1,2,0,0,0.12,0.42,0.3582,91
3,7,0,1,0.7,0.79,0.0,6
3,8,0,1,0.64,0.44,0.1642,264
3,7,0,0,0.68,0.89,0.1343,168
4,11,0,1,0.2,0.8,0.0,40
4,10,0,0,0.64,0.44,0.0896,455
2,4,0,0,0.34,0.87,0.1343,27
2,5,0,0,0.64,0.83,0.194,151
2,4,0,1,0.52,1.0,0.0,5
2,4,0,1,0.36,0.46,0.3284,126
1,2,0,1,0.34,0.49,0.1045,163
2,5,0,0,0.7,0.58,0.2537,306
2,5,0,1,0.56,0.43,0.0896,251
3,9,0,1,0.76,0.75,0.2239,839
4,10,0,0,0.42,0.94,0.4627,55
3,7,0,1,0.72,0.39,0.2239,400
3,8,0,0,0.8,0.49,0.194,383
1,1,0,0,0.16,0.47,0.3284,59
1,3,0,1,0.44,0.58,0.194,207
1,1,0,1,0.34,0.53,0.5224,135
2,6,0,0,0.74,0.27,0.4179,404
2,6,0,1,0.76,0.29,0.2985,523
2,5,0,1,0.52,0.88,0.0,487
1,2,1,0,0.28,0.75,0.4179,56
3,7,0,0,0.76,0.62,0.1045,390
1,1,0,1,0.32,0.49,0.2985,76
3,8,0,1,0.64,0.69,0.0,357
2,6,0,1,0.52,0.68,0.0,35
2,5,0,0,0.48,0.82,0.1045,19
3,7,0,1,0.92,0.33,0.3284,241
1,2,0,1,0.42,0.35,0.4179,221
2,3,0,0,0.48,0.67,0.0,621
4,11,0,1,0.32,0.57,0.1343,711
1,12,0,1,0.22,0.47,0.2239,15
1,2,0,0,0.3,0.42,0.2239,71
1,2,0,1,0.42,0.26,0.0896,530
3,7,0,0,0.96,0.31,0.3582,342
2,5,0,1,0.72,0.54,0.1642,556
4,9,0,0,0.5,0.63,0.1045,221
4,11,0,1,0.36,0.46,0.2537,149
4,10,0,1,0.42,0.62,0.194,24
1,2,0,1,0.22,0.93,0.1343,1
1,3,0,1,0.24,0.44,0.0,129
3,6,0,1,0.62,0.78,0.1642,33
2,5,0,0,0.52,0.72,0.194,12
1,1,0,1,0.34,0.53,0.0,316
3,9,0,1,0.76,0.52,0.2836,277
2,3,0,1,0.32,0.39,0.0,10
1,3,0,1,0.16,0.59,0.1045,501
1,2,0,0,0.2,0.51,0.2985,22
4,9,0,1,0.62,0.61,0.194,158
2,4,0,0,0.34,1.0,0.1642,11
1,2,0,1,0.4,0.28,0.1045,134
2,6,0,1,0.6,0.46,0.1642,267
3,7,0,1,0.84,0.47,0.2239,499
4,11,0,1,0.26,0.52,0.2239,58
1,2,0,1,0.32,0.21,0.1642,74
2,4,0,1,0.56,0.49,0.2239,404
3,8,0,1,0.74,0.55,0.2836,851
3,7,0,1,0.64,0.65,0.2239,4
1,12,0,0,0.2,0.51,0.1343,9
3,8,0,1,0.72,0.66,0.194,290
3,8,0,1,0.72,0.58,0.2985,334
1,2,0,1,0.32,0.7,0.0896,252
4,10,0,1,0.54,0.77,0.0,18
3,8,0,0,0.66,0.74,0.4179,53
1,2,0,1,0.42,0.28,0.1642,449
3,8,0,0,0.7,0.65,0.0,190
2,4,0,0,0.52,0.52,0.2985,432
2,5,0,1,0.62,0.88,0.0896,55
4,10,0,1,0.5,0.51,0.3582,269
2,3,0,0,0.5,0.72,0.0896,419
3,7,1,0,0.92,0.35,0.2985,454
1,1,0,1,0.2,0.92,0.1045,62
2,4,0,1,0.58,0.28,0.5522,255
4,10,0,1,0.54,1.0,0.1045,7
2,6,0,1,0.6,0.53,0.194,782
1,12,0,1,0.18,0.55,0.194,34
2,4,0,0,0.5,0.45,0.1045,595
2,4,0,0,0.5,0.59,0.2239,232
2,6,0,0,0.5,0.64,0.0,8
4,10,0,1,0.4,0.82,0.0,6
2,4,0,1,0.3,0.61,0.0896,100
1,1,0,1,0.08,0.42,0.0896,46
4,12,0,1,0.42,0.82,0.1045,25
1,2,0,0,0.3,0.28,0.5821,133
3,7,0,0,0.68,0.65,0.2239,118
3,7,0,1,0.82,0.56,0.1642,141
1,1,0,1,0.24,0.38,0.2985,60
2,4,0,1,0.42,0.77,0.0,25
2,6,0,1,0.62,0.88,0.0,21
2,4,0,0,0.46,0.88,0.2239,232
4,12,0,0,0.36,0.71,0.0,479
3,7,0,1,0.82,0.75,0.2239,225
4,9,0,1,0.7,0.54,0.1642,627
4,11,0,1,0.5,0.45,0.1343,186
3,7,0,0,0.8,0.59,0.2239,421
3,9,0,0,0.72,0.74,0.1343,79
1,1,0,1,0.22,0.69,0.1642,5
1,3,0,1,0.56,0.37,0.4179,288
3,9,0,1,0.6,0.83,0.0,5
3,7,0,1,0.84,0.49,0.1343,237
3,7,0,1,0.84,0.26,0.2239,572
2,6,0,0,0.72,0.62,0.1642,253
3,8,0,1,0.7,0.61,0.194,315
2,6,0,1,0.72,0.58,0.194,250
3,7,0,1,0.9,0.5,0.3582,147
4,11,0,1,0.32,0.66,0.1045,65
1,2,0,1,0.42,0.71,0.1045,183
3,9,0,1,0.54,0.83,0.0,41
1,2,0,0,0.4,0.35,0.3284,47
2,5,0,0,0.6,0.56,0.1642,239
4,9,0,0,0.52,0.55,0.1343,292
4,10,0,1,0.52,0.45,0.1642,135
4,12,0,0,0.3,0.49,0.2836,219
1,2,0,1,0.26,0.48,0.1343,124
3,8,0,1,0.84,0.44,0.2985,151
4,11,0,0,0.24,0.7,0.194,78
3,7,0,1,0.72,0.84,0.0,27
1,1,0,1,0.02,0.44,0.194,152
3,8,0,0,0.68,0.83,0.2239,183
1,2,0,1,0.38,0.32,0.3284,86
4,11,0,1,0.28,0.48,0.194,137
1,12,0,0,0.4,0.76,0.1642,128
3,9,0,1,0.54,0.88,0.2985,29
4,11,0,1,0.32,0.61,0.0,104
4,10,0,1,0.58,0.83,0.2239,318
2,6,0,0,0.52,0.63,0.1045,50
4,9,0,0,0.7,0.7,0.0,464
1,2,0,1,0.34,0.81,0.0,118
3,7,0,1,0.76,0.55,0.4925,376
4,11,0,1,0.3,0.56,0.2239,4
1,3,0,1,0.32,0.49,0.3284,153
4,11,0,1,0.52,0.83,0.1045,109
1,2,0,0,0.38,0.62,0.1642,69
2,3,0,1,0.66,0.61,0.2239,471
2,5,0,0,0.64,0.65,0.1343,305
3,8,0,0,0.76,0.37,0.2836,598
1,12,1,0,0.38,0.4,0.2985,140
1,2,0,1,0.14,0.5,0.3582,188
4,10,0,1,0.28,0.65,0.2537,75
3,6,0,1,0.66,0.69,0.194,608
3,7,0,1,0.7,0.65,0.0896,270
4,10,0,0,0.36,0.57,0.0896,249
1,1,0,1,0.26,0.33,0.5522,129
2,3,0,1,0.32,0.57,0.0,1
4,10,0,0,0.42,0.67,0.2537,36
1,3,0,1,0.44,0.0,0.3582,82
4,10,0,0,0.46,0.88,0.0,78
3,7,0,1,0.72,0.48,0.2239,373
2,5,0,1,0.6,0.4,0.194,446
1,1,0,1,0.26,0.56,0.1642,1
1,3,0,1,0.36,0.27,0.2239,248
4,10,0,1,0.4,0.87,0.1045,86
3,7,0,1,0.82,0.71,0.2239,78
3,7,0,1,0.72,0.7,0.1045,8
3,6,0,0,0.66,0.5,0.194,59
4,9,0,1,0.68,0.79,0.2239,159
1,2,0,0,0.3,0.45,0.1343,83
3,8,0,0,0.6,0.83,0.0,27
2,3,0,1,0.2,0.32,0.3284,110
2,4,0,1,0.56,0.83,0.0896,6
1,3,0,1,0.56,0.37,0.2239,220
3,7,0,1,0.86,0.63,0.2985,106
3,7,0,1,0.84,0.36,0.194,234
4,11,0,0,0.38,0.76,0.194,151
3,9,0,0,0.46,0.82,0.1642,136
2,4,0,0,0.38,0.37,0.0,214
2,5,0,0,0.72,0.62,0.2239,385
1,12,0,1,0.32,0.57,0.1343,197
3,8,0,1,0.6,0.6,0.1045,24
3,6,0,1,0.7,0.74,0.2239,162
3,8,0,1,0.76,0.55,0.0896,4
3,6,0,1,0.7,0.65,0.0,242
1,1,0,1,0.4,0.76,0.3582,14
4,12,0,1,0.18,0.8,0.0,3
1,2,0,1,0.4,0.37,0.5821,106
1,2,0,1,0.3,0.52,0.0,84
1,2,0,1,0.38,0.43,0.5224,327
1,1,0,0,0.24,0.38,0.2239,99
1,2,0,1,0.4,0.37,0.1045,311
4,11,0,1,0.28,0.75,0.1045,2
1,12,0,0,0.26,0.44,0.4478,35
1,2,0,1,0.24,0.52,0.2239,99
2,3,0,1,0.24,0.32,0.2985,3
4,12,0,0,0.4,0.5,0.2239,309
1,1,0,0,0.18,0.55,0.1642,34
3,8,0,1,0.74,0.3,0.3881,320
4,10,0,0,0.52,0.48,0.2985,207
3,8,0,1,0.78,0.4,0.2537,818
2,5,0,0,0.72,0.66,0.2239,519
2,6,0,0,0.7,0.58,0.0,266
3,8,0,1,0.72,0.66,0.2537,228
3,9,0,0,0.56,0.83,0.2836,45
3,8,0,1,0.7,0.65,0.1045,8
3,8,0,1,0.64,0.78,0.1343,101
1,2,0,1,0.34,0.46,0.1642,201
2,5,0,1,0.6,0.73,0.1045,232
4,10,0,0,0.6,0.43,0.5224,659
2,4,0,0,0.32,1.0,0.194,16
3,8,0,1,0.68,0.89,0.194,36
4,10,0,0,0.5,0.36,0.1343,166
1,1,0,0,0.24,0.75,0.0,13
4,10,0,1,0.6,0.69,0.1343,149
1,2,0,1,0.2,0.51,0.194,1
1,3,0,1,0.54,0.88,0.0,3
1,1,0,1,0.24,0.38,0.4925,154
3,9,0,0,0.72,0.7,0.1642,388
3,7,0,1,0.82,0.59,0.0896,190
4,11,0,0,0.36,0.81,0.0896,88
3,9,0,0,0.56,0.64,0.1642,369
1,3,0,0,0.26,0.41,0.194,83
2,5,0,1,0.52,0.55,0.0,174
4,11,0,0,0.34,0.76,0.0896,108
2,3,0,1,0.24,0.35,0.3582,287
3,8,0,1,0.6,0.73,0.194,40
1,2,0,0,0.32,0.39,0.4478,112
3,7,0,0,0.58,0.88,0.2537,37
3,9,0,0,0.64,0.41,0.1642,694
2,4,0,1,0.64,0.47,0.3582,455
2,4,0,0,0.46,0.41,0.4179,304
2,4,1,0,0.74,0.37,0.2985,375
1,1,0,1,0.24,0.48,0.3582,7
2,6,0,1,0.78,0.24,0.3284,185
4,11,0,1,0.38,0.46,0.2985,204
2,5,0,1,0.4,0.62,0.3284,191
4,12,0,1,0.32,0.45,0.2836,167
2,4,0,1,0.62,0.83,0.4179,9
3,7,0,1,0.74,0.79,0.1343,34
3,7,0,1,0.86,0.41,0.2239,323
3,9,1,0,0.76,0.62,0.2985,543
2,6,0,1,0.62,0.73,0.0896,463
2,4,0,0,0.3,0.93,0.194,13
2,5,0,1,0.64,0.73,0.194,420
4,9,0,1,0.68,0.41,0.3582,291
3,9,0,1,0.62,0.43,0.0,243
3,8,0,1,0.7,0.7,0.0,412
3,7,0,0,0.92,0.18,0.2985,293
2,4,0,1,0.5,0.18,0.2537,482
1,2,0,0,0.22,0.47,0.2239,87
2,4,0,1,0.46,0.94,0.2239,151
2,5,0,1,0.62,0.78,0.1343,47
2,3,0,0,0.44,0.72,0.4627,341
3,9,0,0,0.64,0.89,0.0,104
3,7,0,1,0.7,0.84,0.0,37
2,5,0,0,0.74,0.55,0.2985,341
2,4,0,0,0.5,0.82,0.2239,31
4,11,0,1,0.24,0.7,0.0896,19
1,1,0,0,0.26,0.56,0.0,39
2,5,0,1,0.62,0.73,0.2239,176
2,4,0,1,0.48,0.41,0.4179,165
2,4,0,1,0.56,0.46,0.1343,194
3,7,0,1,0.8,0.66,0.0,513
2,5,0,0,0.66,0.61,0.4179,274
1,1,0,1,0.2,0.64,0.194,17
4,12,0,0,0.42,0.82,0.1642,541
2,4,0,0,0.54,0.19,0.3881,615
4,12,0,1,0.5,0.59,0.194,5
2,6,0,0,0.64,0.38,0.1045,317
4,12,0,0,0.28,0.61,0.0896,25
4,11,0,1,0.36,0.57,0.194,573
4,10,0,1,0.5,0.45,0.2836,235
1,2,0,0,0.26,0.65,0.1642,36
2,5,0,1,0.68,0.61,0.1343,785
3,8,0,0,0.76,0.66,0.2836,269
4,10,0,0,0.36,0.5,0.0896,266
3,9,0,1,0.76,0.7,0.1642,235
3,8,0,0,0.62,0.83,0.1045,10
2,5,0,1,0.58,0.83,0.0,719
2,4,0,1,0.46,0.51,0.194,195
3,9,0,1,0.68,0.61,0.1045,280
3,7,0,0,0.8,0.49,0.0,183
4,9,0,1,0.6,0.88,0.0,36
2,6,0,1,0.7,0.45,0.1642,403
2,6,0,0,0.64,0.38,0.2537,702
3,6,0,1,0.74,0.74,0.2239,425
3,9,0,1,0.72,0.51,0.1343,192
3,6,0,1,0.82,0.59,0.3284,258
1,1,0,0,0.04,0.41,0.3881,12
4,10,1,0,0.34,0.81,0.1045,10
3,7,0,0,0.72,0.7,0.0896,80
1,1,0,0,0.22,0.8,0.1343,130
3,7,0,1,0.72,0.7,0.1642,3
4,10,0,0,0.4,0.82,0.3284,125
4,10,0,1,0.48,0.77,0.0896,162
4,11,0,1,0.28,0.81,0.194,22
3,7,0,0,0.74,0.66,0.1642,264
4,11,0,1,0.32,0.76,0.0896,365
3,7,0,1,0.76,0.55,0.2537,313
4,12,0,1,0.36,0.5,0.194,273
2,4,0,1,0.42,0.67,0.194,99
1,2,1,0,0.38,0.27,0.2537,253
3,9,0,0,0.46,0.72,0.1343,28
2,4,0,1,0.66,0.39,0.2239,494
4,12,0,1,0.38,0.62,0.0,53
3,8,0,1,0.86,0.41,0.2239,492
3,7,0,1,0.68,0.79,0.1343,38
4,12,0,1,0.32,0.93,0.0,404
3,8,0,1,0.7,0.79,0.1642,4
1,2,0,0,0.22,0.55,0.0,3
1,2,0,1,0.24,0.48,0.0,61
3,7,0,1,0.74,0.45,0.0896,109
1,2,0,1,0.5,0.39,0.0896,369
4,10,0,1,0.46,0.82,0.0,417
4,12,0,1,0.4,0.76,0.1045,154
2,4,0,1,0.52,0.34,0.0,182
3,9,0,0,0.52,0.68,0.194,349
2,5,0,1,0.56,0.56,0.1045,361
2,4,0,1,0.7,0.48,0.3881,177
1,2,0,1,0.24,0.6,0.1642,109
1,12,1,0,0.38,0.4,0.2537,131
3,8,0,1,0.72,0.58,0.0896,267
3,7,0,0,0.8,0.63,0.0896,37
2,5,0,1,0.56,0.88,0.1045,137
2,4,0,0,0.7,0.54,0.3284,420
2,5,0,0,0.52,0.94,0.0896,100
2,4,0,1,0.24,0.7,0.1343,5
1,3,0,1,0.2,1.0,0.3284,4
1,2,0,1,0.24,0.52,0.2836,124
4,9,0,1,0.56,0.94,0.0,394
2,4,0,1,0.36,0.43,0.2985,160
1,3,0,1,0.68,0.39,0.3582,173
3,7,0,1,0.76,0.66,0.2239,140
2,5,0,0,0.66,0.61,0.1642,331
2,6,0,0,0.7,0.34,0.2537,496
2,5,0,1,0.66,0.78,0.2239,33
1,1,0,1,0.22,0.44,0.3582,5
3,9,0,1,0.42,0.67,0.194,26
3,7,0,1,0.82,0.46,0.1045,545
2,6,0,1,0.46,0.88,0.1045,170
4,9,0,0,0.6,0.88,0.0896,3
1,3,0,1,0.7,0.28,0.0896,782
4,11,0,1,0.2,0.69,0.0,10
1,3,0,0,0.34,0.39,0.1045,203
2,4,0,1,0.5,0.22,0.4179,536
3,7,1,0,0.84,0.53,0.1343,584
2,4,0,0,0.34,1.0,0.0,7
2,3,0,1,0.56,0.64,0.1343,172
4,10,0,1,0.7,0.65,0.0,593
2,5,0,1,0.6,0.64,0.194,276
3,6,0,0,0.66,0.5,0.2985,179
2,5,0,1,0.64,0.57,0.194,594
3,8,0,0,0.7,0.84,0.2239,49
2,5,0,1,0.54,0.68,0.2239,147
4,11,0,1,0.46,0.67,0.3881,108
1,3,0,0,0.4,0.37,0.2985,93
3,7,0,1,0.66,0.89,0.3881,2
3,9,0,1,0.68,0.83,0.3881,126
4,11,0,1,0.34,0.71,0.1045,2
1,1,1,0,0.26,0.35,0.3881,153
2,5,0,1,0.56,0.68,0.2239,263
3,7,0,1,0.68,0.57,0.2985,239
2,5,0,1,0.64,0.78,0.194,224
2,3,0,1,0.5,0.36,0.5821,153
2,5,0,0,0.66,0.69,0.2537,459
3,7,0,1,0.6,0.6,0.2239,130
3,9,0,1,0.68,0.79,0.6418,151
1,3,0,0,0.48,0.59,0.3284,152
3,7,0,0,0.76,0.43,0.2836,463
2,4,0,1,0.5,0.25,0.3881,216
2,4,0,1,0.42,0.35,0.194,158
1,1,0,1,0.12,0.55,0.2537,19
2,6,0,1,0.78,0.43,0.2239,243
2,5,0,1,0.34,0.93,0.3582,52
3,8,0,1,0.7,0.48,0.1343,226
4,11,0,1,0.46,0.63,0.1045,117
3,6,0,1,0.74,0.7,0.0,590
4,10,0,1,0.6,0.73,0.3881,263
1,2,0,0,0.26,0.81,0.1642,221
4,9,0,1,0.56,0.94,0.0896,138
3,8,0,1,0.68,0.65,0.0,8
2,4,0,1,0.56,0.83,0.2836,165
2,5,0,1,0.5,0.59,0.0896,49
1,12,0,1,0.24,0.7,0.0896,62
4,12,0,1,0.44,1.0,0.1045,46
1,1,0,1,0.36,0.34,0.194,412
4,12,0,0,0.32,0.61,0.0896,114
4,10,0,1,0.54,0.94,0.3881,7
3,8,0,1,0.8,0.49,0.1642,43
1,2,1,0,0.24,0.6,0.3582,6
1,12,0,1,0.4,0.54,0.4179,200
3,8,0,1,0.68,0.79,0.3284,313
3,8,0,0,0.68,0.83,0.3881,154
2,5,0,1,0.52,0.48,0.1045,190
4,10,0,0,0.44,0.54,0.2537,11
4,9,0,0,0.44,0.77,0.0,57
1,1,0,1,0.24,0.48,0.1045,54
3,6,0,1,0.78,0.43,0.2537,251
2,6,0,1,0.82,0.59,0.1343,384
1,2,0,1,0.38,0.54,0.0896,50
2,4,0,0,0.36,0.71,0.1045,64
3,6,0,1,0.66,0.5,0.0896,7
1,1,0,1,0.16,0.4,0.1642,57
2,5,0,1,0.64,0.69,0.0896,26
3,9,0,1,0.62,0.83,0.1642,180
4,12,0,1,0.34,0.61,0.0,2
3,7,0,1,0.66,0.5,0.0,68
2,4,0,1,0.5,0.55,0.1045,169
2,4,0,0,0.38,0.87,0.0896,36
1,3,0,1,0.6,0.73,0.1642,248
1,12,0,1,0.44,0.67,0.1642,6
3,8,0,1,0.66,0.89,0.1343,4
3,8,0,1,0.76,0.31,0.2239,217
1,3,0,1,0.42,0.54,0.2985,121
4,12,0,0,0.28,0.48,0.2537,234
4,11,0,1,0.24,0.75,0.1045,4
2,4,0,1,0.52,0.59,0.194,309
2,4,0,1,0.64,0.78,0.3582,54
1,2,0,1,0.36,0.23,0.194,211
3,9,0,1,0.64,0.89,0.0896,221
2,4,0,1,0.36,0.71,0.4627,110
3,9,0,1,0.74,0.7,0.1642,662
1,12,1,0,0.36,0.43,0.2836,97
2,5,0,1,0.66,0.83,0.1642,489
1,2,0,1,0.12,0.42,0.3582,122
4,10,0,0,0.44,0.62,0.1642,127
4,11,0,1,0.32,0.93,0.0,6
1,12,0,0,0.32,0.49,0.0896,26
4,10,0,1,0.7,0.54,0.2836,497
2,4,0,0,0.54,0.19,0.4179,567
2,6,0,1,0.64,0.73,0.2239,16
4,12,0,1,0.32,0.53,0.2239,546
2,6,0,1,0.6,0.83,0.2239,194
4,9,0,0,0.6,0.43,0.2239,591
2,5,0,1,0.44,0.77,0.1642,17
3,6,0,1,0.72,0.74,0.1642,24
2,6,0,1,0.64,0.38,0.0,300
3,8,0,1,0.72,0.74,0.1343,206
3,6,0,1,0.8,0.55,0.3881,529
1,2,0,0,0.22,0.55,0.1343,8
2,5,0,1,0.62,0.94,0.0,50
4,10,0,1,0.46,0.82,0.194,14
1,1,0,1,0.2,0.4,0.2985,195
3,7,0,1,0.9,0.42,0.0,183
1,2,0,1,0.32,0.7,0.1045,30
3,9,0,1,0.64,0.73,0.1642,98
2,5,0,1,0.68,0.51,0.0,193
3,9,0,1,0.54,1.0,0.194,330
3,8,0,0,0.8,0.55,0.2239,382
4,10,0,1,0.58,0.78,0.2239,171
3,9,0,1,0.46,0.55,0.2537,210
1,2,0,1,0.12,0.54,0.1045,1
1,3,0,1,0.22,0.64,0.2537,110
1,3,0,0,0.38,0.34,0.194,76
4,12,0,0,0.3,0.49,0.2985,228
1,1,0,1,0.2,0.51,0.1343,26
2,6,0,0,0.62,0.88,0.1045,14
2,3,0,1,0.28,0.93,0.2239,9
3,9,0,0,0.62,0.88,0.0,108
1,1,0,0,0.36,0.5,0.1642,79
2,5,0,1,0.48,0.63,0.2537,237
2,4,0,1,0.4,0.35,0.2239,158
3,7,0,1,0.84,0.53,0.0,794
3,9,0,1,0.56,0.83,0.0,109
3,7,0,1,0.8,0.41,0.1343,272
3,8,0,1,0.76,0.55,0.2537,274
2,5,0,1,0.46,0.88,0.1642,136
4,10,0,1,0.62,0.83,0.194,362
2,4,0,0,0.64,0.57,0.2239,640
1,3,0,1,0.26,0.53,0.2239,226
1,1,0,1,0.4,0.4,0.1045,385
4,11,0,0,0.26,0.65,0.1045,50
3,8,0,1,0.62,0.83,0.2836,261
1,2,0,1,0.32,0.21,0.2239,82
1,2,0,0,0.26,0.6,0.1045,191
4,10,0,1,0.66,0.83,0.1343,177
1,3,0,1,0.42,0.28,0.6119,244
1,1,0,1,0.42,0.67,0.0896,515
4,10,0,1,0.3,0.75,0.2836,36
1,3,0,1,0.56,0.43,0.194,168
2,5,0,0,0.5,0.51,0.1045,69
4,11,0,1,0.44,0.88,0.3881,99
2,5,0,0,0.6,0.35,0.1642,378
3,9,0,1,0.6,0.88,0.194,290
3,9,0,0,0.74,0.74,0.1343,355
1,1,0,1,0.22,0.93,0.1045,5
3,7,0,1,0.64,0.89,0.1642,194
1,1,1,0,0.28,0.45,0.3284,4
4,12,0,1,0.36,0.62,0.0,268
4,11,0,1,0.3,0.87,0.2985,65
2,4,0,1,0.36,0.87,0.4925,46
2,5,0,0,0.76,0.58,0.194,442
3,7,0,0,0.68,0.79,0.1642,14
1,12,0,1,0.2,0.75,0.0,3
4,11,0,0,0.4,0.62,0.2836,442
1,1,0,1,0.14,0.59,0.0,108
1,3,0,1,0.28,0.65,0.2836,15
3,7,0,0,0.86,0.19,0.1642,331
2,5,0,0,0.52,1.0,0.0,32
4,12,0,0,0.4,0.87,0.1045,8
3,7,0,1,0.7,0.84,0.2239,198
4,12,0,1,0.48,0.63,0.2239,269
1,1,0,1,0.18,0.64,0.2836,8
1,1,0,0,0.16,0.59,0.0,1
1,1,0,1,0.16,0.47,0.2836,3
4,10,0,1,0.38,0.82,0.2239,31
1,3,0,1,0.26,0.37,0.3881,120
3,6,0,1,0.66,0.83,0.1045,5
2,4,0,1,0.34,0.53,0.2537,346
2,6,0,1,0.66,0.27,0.2836,259
2,5,0,1,0.64,0.69,0.2836,717
4,11,0,1,0.46,0.55,0.1642,189
3,7,0,0,0.72,0.62,0.2537,226
2,6,0,0,0.7,0.65,0.1642,159
4,11,0,1,0.52,0.88,0.3582,5
1,1,0,0,0.24,0.7,0.194,21
2,3,0,1,0.62,0.41,0.2985,199
1,1,1,0,0.18,0.55,0.2537,92
2,5,0,1,0.72,0.54,0.3881,153
3,7,0,1,0.72,0.58,0.0,7
4,9,0,0,0.5,0.59,0.1045,100
4,10,0,1,0.46,0.77,0.0896,59
1,3,0,0,0.42,1.0,0.2985,31
2,6,0,1,0.8,0.29,0.194,165
4,11,0,1,0.56,0.6,0.194,264
4,11,0,1,0.36,0.56,0.1045,680
1,3,0,1,0.56,0.49,0.2239,286
4,9,0,1,0.52,0.77,0.1045,81
1,2,0,0,0.26,1.0,0.194,56
1,3,0,1,0.58,0.35,0.2239,211
2,6,0,1,0.64,0.73,0.2239,130
4,11,0,0,0.42,0.58,0.194,203
2,5,0,1,0.62,0.57,0.2537,693
2,4,0,1,0.4,0.47,0.3582,308
2,4,0,0,0.52,0.59,0.0,97
4,12,0,0,0.16,0.69,0.0,72
3,8,0,0,0.6,0.83,0.0,8
2,5,0,1,0.48,0.51,0.4179,129
4,11,0,1,0.42,0.54,0.4478,207
2,5,0,1,0.56,0.73,0.1343,301
3,9,0,1,0.38,0.71,0.2239,93
3,7,0,1,0.74,0.48,0.1343,389
3,7,0,0,0.64,0.53,0.0,26
2,6,0,0,0.62,0.57,0.0,615
4,9,0,1,0.6,0.78,0.0,7
4,11,0,1,0.36,0.71,0.1642,142
3,8,0,1,0.74,0.66,0.1045,72
1,1,0,1,0.14,0.5,0.194,16
3,8,0,0,0.66,0.89,0.2836,41
4,10,0,1,0.24,0.93,0.0,227
3,8,0,1,0.64,0.78,0.0896,19
1,1,0,0,0.18,0.55,0.0,28
4,12,0,0,0.36,0.93,0.1045,20
4,11,0,1,0.4,0.76,0.0,181
1,2,0,0,0.22,0.93,0.1343,78
2,6,0,0,0.72,0.34,0.1642,617
2,5,0,0,0.62,0.94,0.2537,152
2,5,0,0,0.56,0.88,0.2239,7
2,6,0,0,0.82,0.46,0.1343,367
4,10,1,0,0.72,0.37,0.0,365
3,8,0,0,0.8,0.63,0.2836,313
4,9,0,1,0.58,0.3,0.2537,516
4,9,0,1,0.62,0.94,0.1343,75
3,8,0,1,0.76,0.52,0.2836,303
1,2,0,1,0.4,0.4,0.6119,205
3,9,0,0,0.56,0.52,0.1045,296
2,6,0,0,0.5,0.72,0.0896,13
4,9,0,1,0.6,0.88,0.0896,93
3,7,0,0,0.94,0.38,0.1642,245
1,3,0,1,0.26,0.65,0.0896,1
3,9,0,1,0.72,0.37,0.1642,509
1,1,0,1,0.24,0.75,0.194,109
2,3,0,1,0.36,0.46,0.3284,358
3,6,0,1,0.76,0.55,0.5224,202
2,5,1,0,0.88,0.39,0.2537,311
1,2,0,1,0.36,0.66,0.1045,30
3,8,0,1,0.68,0.89,0.0896,17
2,6,0,1,0.52,0.88,0.1343,37
4,9,0,1,0.6,0.94,0.0896,3
1,1,0,1,0.16,0.86,0.1045,6
4,11,0,1,0.32,0.76,0.0,95
3,7,0,1,0.7,0.74,0.1642,22
4,10,0,1,0.52,0.77,0.0,41
3,9,0,1,0.64,0.73,0.0,196
1,1,0,1,0.36,0.5,0.2537,191
4,11,0,1,0.58,0.56,0.0,162
1,2,0,1,0.3,0.75,0.0896,576
2,4,0,1,0.5,0.39,0.194,418
3,7,0,1,0.72,0.54,0.0,5
1,2,0,1,0.38,0.4,0.4478,432
4,11,0,1,0.32,0.93,0.1045,466
4,12,0,1,0.52,0.59,0.3284,221
3,9,0,1,0.62,0.83,0.0896,9
3,8,0,1,0.7,0.3,0.2836,416
3,9,0,1,0.78,0.52,0.2239,124
3,8,0,1,0.74,0.51,0.194,399
3,7,0,1,0.66,0.5,0.3284,507
4,11,0,1,0.28,0.75,0.1045,112
3,9,0,1,0.52,0.68,0.2836,5
4,10,0,0,0.56,0.73,0.1045,193
2,3,0,1,0.32,0.49,0.0,4
3,7,0,0,0.8,0.55,0.1642,560
2,5,0,1,0.58,0.83,0.1343,27
2,3,0,1,0.52,0.88,0.0,33
1,2,0,1,0.26,0.56,0.0896,5
1,1,0,0,0.24,0.41,0.2836,104
4,11,0,1,0.26,0.56,0.2836,118
2,5,0,0,0.54,0.83,0.2239,121
4,11,0,1,0.48,0.94,0.1045,323
1,3,0,1,0.34,0.61,0.194,3
2,6,0,1,0.6,0.73,0.0896,5
1,1,0,1,0.3,0.81,0.2239,126
4,10,0,1,0.44,0.94,0.0896,1
3,9,0,1,0.54,0.88,0.194,22
1,2,0,1,0.14,0.36,0.0,59
2,4,0,1,0.48,0.63,0.2537,127
4,12,0,1,0.32,0.53,0.2239,433
3,7,0,1,0.96,0.3,0.3881,233
4,12,0,1,0.48,0.48,0.2537,313
4,11,0,0,0.4,0.37,0.194,343
4,10,0,0,0.46,0.59,0.194,56
4,12,0,1,0.34,0.53,0.2537,265
1,1,1,0,0.14,0.59,0.194,126
4,11,0,0,0.5,0.42,0.3284,310
1,1,0,1,0.24,0.41,0.1642,136
2,6,0,0,0.7,0.34,0.2985,662
1,3,0,1,0.48,0.41,0.3284,328
3,9,1,0,0.68,0.74,0.2985,16
4,9,0,1,0.62,0.83,0.1045,426
2,3,0,1,0.72,0.42,0.1642,589
3,6,0,1,0.84,0.26,0.2836,276
3,9,0,1,0.58,0.83,0.4627,151
3,8,0,0,0.64,0.89,0.0896,6
4,11,0,1,0.5,0.94,0.194,87
2,4,0,1,0.64,0.36,0.4627,157
2,5,0,1,0.76,0.62,0.194,522
3,6,0,0,0.74,0.42,0.194,455
3,7,0,1,0.7,0.84,0.0,9
1,3,0,1,0.36,0.81,0.1343,75
4,11,0,1,0.4,0.5,0.1642,678
1,12,0,0,0.2,0.51,0.2239,49
4,11,0,0,0.32,0.57,0.1045,139
4,11,0,1,0.3,0.49,0.194,230
3,7,0,0,0.7,0.79,0.0896,47
2,5,0,1,0.5,0.77,0.2985,165
4,11,0,1,0.34,0.61,0.3284,81
4,10,0,1,0.4,0.62,0.0,6
4,10,0,0,0.56,0.64,0.2836,612
3,8,0,1,0.74,0.79,0.1343,196
3,8,0,1,0.64,0.69,0.1045,36
3,7,0,0,0.64,0.53,0.0,52
2,5,0,1,0.6,0.6,0.2836,11
3,6,0,1,0.74,0.37,0.2985,333
1,1,0,1,0.12,0.54,0.0,210
2,5,0,0,0.54,0.56,0.0896,66
3,9,0,1,0.8,0.63,0.1642,234
2,5,0,0,0.64,0.78,0.1343,141
1,2,0,1,0.2,0.27,0.2985,80
1,1,0,1,0.2,0.47,0.0,19
1,2,0,1,0.3,0.65,0.1343,87
1,3,0,1,0.44,0.94,0.0,148
4,11,1,0,0.4,0.76,0.0896,4
2,4,0,1,0.54,0.32,0.1642,38
2,3,0,0,0.22,0.55,0.1343,54
1,12,0,1,0.28,0.93,0.2985,43
4,12,0,0,0.38,0.94,0.0896,122
4,10,0,1,0.44,0.67,0.1642,3
3,8,0,1,0.88,0.27,0.3284,368
1,12,0,1,0.24,0.87,0.2239,33
2,5,0,1,0.6,0.69,0.1343,565
2,5,0,1,0.74,0.55,0.4179,188
2,4,0,1,0.5,0.59,0.4478,35
4,10,0,1,0.58,0.43,0.2239,301
1,2,0,0,0.32,0.26,0.5522,33
1,12,0,1,0.22,0.69,0.0,11
3,7,0,0,0.82,0.38,0.0,416
1,3,0,0,0.48,0.39,0.3284,304
2,4,0,1,0.34,0.61,0.1642,11
3,6,0,1,0.62,0.57,0.0896,193
4,11,0,1,0.42,0.38,0.4478,67
3,9,0,1,0.66,0.47,0.194,291
2,4,0,0,0.34,0.87,0.1343,133
3,7,0,1,0.84,0.49,0.3582,299
1,2,0,1,0.32,0.57,0.0,22
2,5,0,1,0.5,0.82,0.2985,79
2,6,0,1,0.68,0.61,0.1343,336
1,3,0,1,0.3,0.49,0.1343,119
2,4,0,1,0.76,0.22,0.5224,189
4,9,0,0,0.5,0.63,0.194,332
3,8,0,1,0.76,0.52,0.2836,812
4,11,0,0,0.38,0.62,0.1642,106
2,5,0,1,0.78,0.46,0.3284,378
1,3,0,0,0.3,1.0,0.2239,4
4,12,0,1,0.36,0.62,0.1045,268
2,5,0,1,0.64,0.33,0.0896,180
1,12,0,1,0.3,0.39,0.3284,281
2,5,0,0,0.56,0.68,0.2836,126
3,7,0,1,0.82,0.46,0.194,113
2,5,0,0,0.6,0.38,0.2537,378
3,6,0,1,0.66,0.83,0.1343,91
2,4,0,1,0.44,0.62,0.1642,203
3,9,0,0,0.72,0.79,0.0896,457
2,5,0,0,0.52,0.83,0.1642,11
3,9,0,1,0.44,0.77,0.1045,6
2,4,0,1,0.66,0.69,0.3284,163
3,7,0,1,0.86,0.41,0.2239,321
2,4,0,1,0.44,0.54,0.4478,6
4,10,0,1,0.4,0.82,0.0,91
4,11,0,1,0.32,0.66,0.1642,153
4,12,0,1,0.22,0.64,0.2239,12
4,10,0,0,0.22,0.93,0.3284,31
3,9,0,1,0.66,0.74,0.194,179
2,4,0,1,0.56,0.49,0.1642,169
1,3,0,1,0.24,0.81,0.1343,8
4,10,0,1,0.32,0.57,0.2239,229
1,3,0,0,0.54,0.68,0.1642,223
4,10,0,1,0.42,0.54,0.1642,113
3,7,0,0,0.66,0.83,0.0896,208
3,9,0,1,0.54,0.88,0.3582,21
2,3,0,1,0.36,0.87,0.6418,75
1,3,0,1,0.44,0.0,0.2239,14
1,1,0,1,0.4,0.82,0.0,91
2,5,0,0,0.58,0.83,0.2537,19
4,10,0,1,0.54,0.88,0.194,5
3,7,0,1,0.64,0.69,0.1045,10
4,10,0,0,0.34,0.87,0.0,6
2,6,0,1,0.62,0.35,0.2239,112
1,12,0,1,0.32,0.93,0.0896,69
1,1,0,0,0.2,0.34,0.4478,75
4,9,0,1,0.58,0.83,0.0,66
2,5,1,0,0.82,0.56,0.2985,405
1,1,1,0,0.24,0.41,0.2239,88
2,4,0,0,0.34,0.87,0.1343,7
1,2,0,0,0.16,0.4,0.4478,138
3,8,0,1,0.64,0.65,0.0,23
3,9,0,1,0.6,0.6,0.1642,263
1,1,0,1,0.3,0.39,0.4925,161
3,9,0,1,0.62,0.94,0.1642,136
4,11,0,1,0.3,0.81,0.1343,293
2,5,0,0,0.78,0.49,0.2985,522
4,11,0,1,0.4,0.87,0.0,11
4,9,0,0,0.52,0.48,0.0,138
2,5,0,1,0.52,0.68,0.3284,5
3,8,0,1,0.82,0.46,0.194,406
2,4,0,0,0.56,0.43,0.1343,220
3,8,0,1,0.7,0.79,0.1045,208
1,2,0,1,0.6,0.31,0.194,124
3,8,0,0,0.74,0.4,0.1343,465
2,5,0,1,0.6,0.78,0.3582,186
4,10,0,0,0.6,0.35,0.4627,394
1,2,0,1,0.32,0.66,0.2239,47
3,9,0,1,0.62,0.69,0.1045,463
4,12,0,1,0.2,0.72,0.1045,308
2,4,0,1,0.42,0.47,0.194,234
2,6,0,0,0.6,0.78,0.194,164
3,8,0,1,0.64,0.69,0.0,157
4,11,0,0,0.36,0.66,0.2239,59
3,7,0,1,0.82,0.59,0.1343,225
1,2,0,0,0.24,0.65,0.0,30
3,8,0,1,0.66,0.83,0.1045,342
2,5,0,1,0.5,0.82,0.194,639
3,8,0,0,0.64,0.94,0.194,3
4,9,0,1,0.62,0.88,0.1045,17
1,1,0,1,0.24,0.38,0.3582,78
3,9,0,0,0.86,0.44,0.1642,514
4,11,0,1,0.44,0.67,0.0896,252
1,1,0,0,0.26,0.65,0.1642,65
3,7,0,1,0.72,0.58,0.0,14
3,8,0,1,0.66,0.78,0.194,681
1,2,0,1,0.34,0.19,0.2537,98
4,10,0,1,0.56,0.6,0.1045,317
2,6,0,1,0.7,0.48,0.2537,579
2,4,0,0,0.42,0.44,0.4478,211
4,11,0,0,0.4,0.54,0.2836,135
2,4,0,0,0.34,0.66,0.1045,87
1,2,0,1,0.3,0.7,0.0,5
3,7,0,0,0.7,0.79,0.1642,458
3,8,0,1,0.74,0.45,0.1642,597
4,10,0,1,0.6,0.73,0.1642,320
1,2,0,1,0.3,0.24,0.0,211
3,9,0,0,0.82,0.52,0.4478,626
2,6,0,1,0.56,0.88,0.194,46
3,9,0,0,0.46,0.77,0.2239,112
2,6,0,1,0.56,0.49,0.2239,415
4,11,1,0,0.48,0.33,0.2239,175
4,12,0,0,0.38,0.54,0.2537,456
1,2,0,1,0.32,0.45,0.2537,104
2,4,0,0,0.4,0.47,0.1642,198
1,2,1,0,0.3,0.39,0.0,26
3,9,0,1,0.72,0.39,0.0896,491
2,5,0,1,0.54,0.94,0.0896,158
1,3,0,1,0.52,0.42,0.0896,111
1,12,0,1,0.24,0.6,0.1642,2
1,12,0,0,0.32,0.42,0.194,99
1,1,0,1,0.16,0.93,0.1045,95
3,8,0,1,0.76,0.58,0.0896,234
3,8,0,1,0.72,0.54,0.0,234
4,11,1,0,0.5,0.31,0.2537,149
4,11,0,1,0.46,0.44,0.3881,237
4,12,0,1,0.44,0.77,0.0896,184
3,9,0,0,0.5,0.72,0.0,13
1,2,0,1,0.44,0.72,0.2239,95
1,2,0,0,0.14,0.39,0.6418,140
3,9,1,0,0.72,0.76,0.1045,184
3,8,0,1,0.82,0.46,0.2537,288
4,10,0,0,0.4,0.76,0.3284,67
2,5,0,0,0.56,0.88,0.2239,304
1,12,0,1,0.26,0.56,0.1343,61
3,8,0,1,0.66,0.69,0.2537,98
2,5,0,0,0.66,0.36,0.194,576
3,7,0,1,0.8,0.41,0.2239,265
4,10,0,1,0.46,0.94,0.0,11
1,2,0,1,0.22,0.32,0.5821,176
1,2,0,1,0.36,0.5,0.1045,109
2,4,0,1,0.6,0.26,0.2537,537
4,9,0,0,0.54,0.6,0.2239,149
1,1,0,1,0.3,0.61,0.2985,157
2,5,0,1,0.78,0.46,0.2836,153
3,8,0,1,0.66,0.61,0.1045,282
4,11,0,1,0.44,0.33,0.1343,469
2,4,0,1,0.5,0.59,0.2537,46
3,8,0,1,0.66,0.89,0.1045,5
1,3,0,1,0.6,0.4,0.0896,288
4,11,0,1,0.56,0.46,0.1343,289
3,8,0,1,0.66,0.5,0.2239,218
3,8,0,1,0.78,0.52,0.1642,16
2,5,0,1,0.5,0.77,0.194,6
2,5,0,1,0.5,0.88,0.1343,82
2,3,0,1,0.24,0.93,0.2985,44
1,1,0,1,0.22,0.64,0.1642,40
2,4,0,0,0.46,0.82,0.3284,73
3,9,0,1,0.64,0.89,0.194,165
2,5,0,1,0.52,0.88,0.194,223
2,4,0,1,0.42,0.67,0.194,319
4,12,0,0,0.32,0.81,0.1642,355
1,2,0,1,0.56,0.64,0.2985,36
4,10,0,1,0.5,0.72,0.1642,360
3,7,0,1,0.76,0.75,0.0896,12
3,7,0,1,0.88,0.42,0.1045,212
3,9,0,0,0.5,0.72,0.1642,260
3,7,0,0,0.76,0.58,0.2537,262
2,4,0,0,0.38,0.43,0.0,381
3,6,0,1,0.72,0.7,0.3582,400
1,3,0,0,0.26,0.65,0.2239,28
1,1,0,0,0.26,0.93,0.1045,40
3,9,0,1,0.54,0.88,0.2985,163
3,9,0,0,0.66,0.44,0.1642,656
3,6,0,1,0.74,0.51,0.0,591
2,4,0,0,0.38,0.66,0.0,102
4,12,0,1,0.26,0.6,0.1642,233
1,3,0,1,0.32,0.43,0.1642,97
3,8,0,1,0.56,0.52,0.2836,6
2,4,0,1,0.34,0.49,0.194,11
3,6,0,0,0.64,0.89,0.1642,275
1,2,0,0,0.22,0.75,0.4179,146
1,2,0,1,0.42,0.77,0.194,169
4,10,0,1,0.56,0.46,0.0896,205
4,12,0,1,0.36,0.62,0.2836,280
4,10,0,1,0.4,0.82,0.0896,158
2,5,0,0,0.66,0.31,0.194,546
4,10,0,1,0.48,0.55,0.5224,129
1,2,0,1,0.14,0.5,0.3284,87
3,7,0,0,0.92,0.37,0.2239,325
2,6,0,1,0.82,0.34,0.2836,259
1,2,0,1,0.38,0.76,0.3284,76
4,10,0,0,0.6,0.56,0.4179,576
1,1,0,1,0.3,0.52,0.1642,59
2,3,0,1,0.28,0.87,0.2537,36
4,12,0,1,0.28,0.52,0.2836,23
2,5,0,1,0.68,0.65,0.1045,678
1,3,0,1,0.48,0.82,0.2836,342
2,5,0,1,0.6,0.78,0.194,483
4,10,0,0,0.56,0.64,0.2836,618
3,8,0,1,0.86,0.36,0.2537,546
3,7,0,1,0.78,0.4,0.2836,413
3,8,0,1,0.82,0.46,0.1642,295
4,11,0,1,0.36,0.62,0.1045,213
2,4,0,1,0.64,0.44,0.2239,394
1,12,0,1,0.24,0.6,0.2836,191
1,1,0,1,0.14,0.5,0.3284,139
2,5,0,1,0.74,0.7,0.2985,183
4,11,1,0,0.3,0.65,0.0896,46
1,1,1,0,0.16,0.5,0.2537,57
4,11,0,1,0.56,0.73,0.4179,36
1,2,0,1,0.36,0.71,0.194,276
1,2,0,1,0.46,0.55,0.0,17
3,8,0,1,0.62,0.83,0.0,20
3,8,0,1,0.78,0.55,0.1642,862
2,6,0,0,0.66,0.78,0.0,19
3,9,0,0,0.74,0.7,0.0,545
3,8,0,1,0.76,0.45,0.3284,600
1,2,0,0,0.3,0.36,0.2836,48
2,6,0,1,0.84,0.49,0.194,188
1,12,0,0,0.24,0.48,0.3582,60
1,3,0,1,0.38,0.54,0.1642,281
3,6,0,1,0.82,0.52,0.2836,145
1,2,0,1,0.26,1.0,0.0,283
4,12,0,0,0.4,0.94,0.1045,12
3,8,0,1,0.74,0.62,0.0,282
4,11,1,0,0.36,0.76,0.1642,31
2,4,0,1,0.48,0.67,0.1045,64
2,6,0,1,0.68,0.79,0.194,27
4,9,0,0,0.46,0.59,0.2537,6
4,12,0,1,0.58,0.56,0.0896,321
1,1,0,1,0.28,0.52,0.3284,202
2,5,0,0,0.48,0.59,0.0896,14
1,2,1,0,0.34,0.42,0.3284,37
1,1,0,1,0.2,0.4,0.2239,47
4,10,0,1,0.54,0.88,0.4478,197
2,6,0,0,0.62,0.78,0.0896,10
3,8,0,1,0.78,0.46,0.2985,213
2,4,0,1,0.46,0.33,0.3284,300
2,5,0,1,0.62,0.61,0.2239,191
2,4,0,1,0.5,0.23,0.194,362
2,4,0,1,0.56,0.6,0.1045,411
1,3,0,1,0.34,0.71,0.194,3
2,5,0,0,0.56,0.49,0.2985,298
1,3,0,0,0.36,0.93,0.0896,38
3,9,0,1,0.52,0.72,0.1642,37
3,8,0,1,0.7,0.58,0.2836,146
2,4,0,1,0.4,0.37,0.4925,127
4,10,0,0,0.32,0.66,0.0,79
4,12,0,1,0.3,0.65,0.0896,15
1,3,0,0,0.36,0.93,0.194,2
4,10,0,1,0.42,0.5,0.2239,213
4,10,0,1,0.58,0.49,0.194,323
3,6,0,0,0.74,0.4,0.2836,371
1,3,0,0,0.42,0.82,0.2985,11
4,9,0,1,0.74,0.48,0.0,326
3,7,0,0,0.7,0.74,0.194,191
1,12,0,1,0.36,0.93,0.1045,17
4,11,0,1,0.3,0.56,0.2537,60
2,5,0,1,0.7,0.54,0.2836,590
4,11,0,1,0.3,0.61,0.0896,130
4,11,0,0,0.42,0.58,0.0,141
3,6,0,1,0.76,0.29,0.2985,322
1,3,0,0,0.62,0.53,0.0896,690
2,3,0,0,0.36,0.76,0.2836,112
3,8,0,0,0.64,0.73,0.0896,22
2,5,0,1,0.72,0.58,0.2239,517
4,12,0,1,0.32,0.39,0.0,270
4,10,0,1,0.58,0.68,0.1343,337
3,8,0,0,0.7,0.89,0.194,103
2,4,0,1,0.42,0.41,0.1642,330
1,3,0,0,0.36,0.93,0.0,44
1,3,0,1,0.34,0.61,0.1343,564
4,12,0,1,0.42,1.0,0.2537,584
2,5,0,0,0.62,0.88,0.1642,66
3,9,0,1,0.5,0.51,0.1343,179
2,4,0,1,0.4,0.62,0.2537,7
1,2,0,1,0.32,0.7,0.1045,88
2,6,0,1,0.7,0.58,0.2239,80
2,5,0,1,0.74,0.66,0.2239,160
2,5,0,1,0.6,0.88,0.4478,71
4,11,0,1,0.46,0.44,0.0896,153
3,7,0,1,0.76,0.62,0.1343,643
3,6,0,0,0.74,0.4,0.1343,443
1,1,1,0,0.26,0.35,0.4925,175
1,2,0,1,0.46,0.67,0.1642,174
2,5,0,0,0.56,0.83,0.2836,149
3,9,0,1,0.74,0.74,0.0896,216
1,2,0,1,0.28,0.41,0.6866,3
3,6,0,1,0.72,0.74,0.2239,31
2,6,0,1,0.68,0.79,0.1045,90
1,2,0,1,0.54,0.24,0.4478,529
3,8,0,1,0.86,0.39,0.2985,285
1,1,0,1,0.26,0.6,0.2836,126
3,9,0,1,0.74,0.51,0.2836,184
1,2,0,0,0.42,0.28,0.3284,125
3,8,0,1,0.7,0.45,0.1642,390
1,3,0,1,0.28,0.7,0.2537,259
3,7,0,1,0.72,0.62,0.0,7
4,11,0,1,0.3,1.0,0.0896,410
4,11,0,1,0.32,0.53,0.4179,9
3,7,0,0,0.76,0.7,0.1642,71
2,5,0,1,0.34,0.81,0.1045,16
1,2,0,1,0.22,0.8,0.1343,2
4,12,0,1,0.3,0.7,0.1642,126
3,9,0,0,0.54,0.64,0.0,117
2,5,0,1,0.72,0.37,0.194,292
3,9,0,0,0.56,0.73,0.2239,124
3,7,0,0,0.72,0.66,0.2537,72
2,4,0,0,0.4,0.28,0.2537,69
1,12,0,1,0.24,0.7,0.1343,92
2,4,0,1,0.46,0.63,0.2239,7
3,7,0,0,0.84,0.36,0.1343,373
1,3,0,1,0.4,0.62,0.2537,185
2,5,0,1,0.64,0.73,0.194,264
2,5,1,0,0.76,0.62,0.1343,525
1,3,0,1,0.46,0.82,0.2836,308
3,8,0,1,0.66,0.61,0.0896,201
3,8,0,1,0.66,0.65,0.1045,241
2,5,0,1,0.56,0.35,0.5224,770
1,2,0,1,0.44,0.47,0.2537,147
4,9,0,0,0.64,0.83,0.0,275
4,11,0,1,0.3,0.52,0.1642,396
3,8,0,1,0.8,0.49,0.2239,552
1,2,1,0,0.24,0.87,0.3582,49
4,12,0,1,0.24,0.7,0.194,28
2,6,0,0,0.7,0.51,0.1045,466
2,6,0,0,0.56,0.52,0.0,93
1,2,0,0,0.26,0.81,0.194,4
3,8,0,1,0.76,0.58,0.2239,144
1,2,0,0,0.32,0.53,0.0,56
3,6,0,1,0.8,0.63,0.1642,243
4,11,0,0,0.24,0.87,0.0,9
1,1,1,0,0.28,0.38,0.4478,168
3,8,0,0,0.7,0.84,0.1642,64
3,7,0,1,0.76,0.58,0.2239,402
4,11,1,0,0.44,0.88,0.1045,397
1,1,0,1,0.22,0.93,0.0896,7
1,1,0,1,0.22,0.64,0.0,197
4,11,0,0,0.4,0.43,0.2239,493
2,4,0,1,0.64,0.47,0.3582,530
1,1,0,1,0.2,0.37,0.2836,73
1,2,0,1,0.42,0.77,0.2836,5
3,9,0,0,0.6,0.43,0.0896,330
3,7,0,0,0.74,0.7,0.0896,122
1,1,0,1,0.16,0.74,0.0896,2
3,9,0,1,0.52,0.72,0.1045,21
1,1,0,0,0.36,0.66,0.0,48
4,11,0,1,0.28,0.45,0.1642,154
4,12,0,0,0.26,0.75,0.1045,220
3,7,0,1,0.74,0.48,0.1642,214
2,5,0,0,0.56,0.94,0.194,48
3,7,0,1,0.8,0.27,0.1343,891
2,4,0,1,0.64,0.78,0.4478,215
4,10,0,1,0.38,0.82,0.194,19
4,12,0,1,0.32,0.57,0.1045,132
4,10,0,1,0.7,0.7,0.1045,358
3,9,0,0,0.66,0.85,0.1343,123
3,8,0,0,0.88,0.37,0.2985,492
2,6,0,1,0.72,0.25,0.2836,558
1,1,0,1,0.26,0.7,0.2836,33
3,7,0,1,0.66,0.89,0.194,16
4,11,1,0,0.36,0.71,0.1642,22
2,4,0,1,0.7,0.65,0.2239,203
1,3,0,1,0.64,0.38,0.6866,185
1,3,0,1,0.52,0.88,0.1343,6
2,4,0,0,0.34,0.87,0.5224,13
4,10,0,1,0.6,0.88,0.1343,154
2,4,0,0,0.54,0.56,0.1045,74
2,5,0,0,0.42,0.77,0.1045,50
3,9,0,1,0.54,0.94,0.2537,5
1,12,0,0,0.32,0.39,0.2239,186
1,12,0,0,0.44,0.51,0.3881,195
4,10,0,1,0.52,0.59,0.1642,5
3,7,0,1,0.78,0.55,0.2239,29
3,7,0,1,0.76,0.58,0.2239,43
3,8,0,1,0.7,0.48,0.0,157
3,9,0,1,0.6,0.94,0.1045,30
4,9,0,1,0.64,0.89,0.1045,427
4,10,0,1,0.52,0.77,0.0896,213
4,9,0,1,0.62,0.53,0.2239,360
1,2,0,1,0.32,0.76,0.0896,45
1,3,0,1,0.2,0.4,0.0,53
1,1,0,1,0.26,0.33,0.3284,46
3,7,0,1,0.72,0.84,0.1045,117
1,3,0,1,0.44,0.82,0.0,662
2,5,0,1,0.66,0.74,0.1045,212
4,12,0,1,0.46,0.59,0.4925,157
4,10,0,0,0.34,0.87,0.0,46
3,9,0,0,0.58,1.0,0.1343,37
3,7,0,1,0.88,0.28,0.1045,331
4,11,0,1,0.34,0.46,0.2537,123
4,12,0,1,0.46,0.88,0.2985,16
3,6,0,1,0.76,0.45,0.2985,270
2,5,0,1,0.66,0.69,0.1045,217
1,12,0,0,0.32,0.66,0.0896,26
3,7,0,1,0.74,0.79,0.1642,57
3,8,0,0,0.78,0.43,0.3582,469
1,1,0,0,0.14,0.93,0.0,8
1,12,0,1,0.26,0.52,0.2836,257
3,8,0,1,0.7,0.65,0.2836,105
4,10,0,1,0.5,0.77,0.0896,499
2,5,0,0,0.64,0.73,0.2537,177
1,2,0,1,0.24,0.7,0.1642,253
2,5,0,1,0.6,0.88,0.0,16
4,10,0,1,0.52,0.88,0.1343,5
1,3,0,1,0.52,0.68,0.1045,164
3,7,0,1,0.92,0.35,0.3582,194
3,7,0,1,0.66,0.89,0.2537,68
4,10,0,0,0.44,0.62,0.194,23
1,3,0,1,0.44,0.62,0.3284,46
4,12,0,0,0.36,1.0,0.0896,51
2,5,0,0,0.46,0.82,0.0,100
2,6,0,1,0.62,0.46,0.2239,134
4,12,0,1,0.4,0.47,0.1343,207
4,10,0,1,0.3,0.87,0.2239,124
4,11,0,1,0.28,0.56,0.2985,178
4,10,0,1,0.58,0.94,0.3582,69
3,7,0,1,0.82,0.52,0.2836,365
3,8,0,0,0.72,0.84,0.1045,136
1,3,0,1,0.24,0.65,0.2239,25
4,11,0,0,0.34,0.81,0.0,48
3,7,0,1,0.66,0.89,0.194,360
2,6,0,0,0.56,0.68,0.1642,274
1,3,0,1,0.44,0.54,0.2985,253
3,7,0,1,0.84,0.49,0.194,159
3,9,0,1,0.7,0.84,0.194,9
3,7,0,1,0.66,0.83,0.1343,42
3,7,0,1,0.76,0.62,0.1343,144
1,12,0,1,0.22,0.44,0.1343,70
3,8,0,1,0.78,0.62,0.4627,270
3,8,0,1,0.66,0.69,0.2836,6
3,7,0,0,0.76,0.55,0.0896,113
4,10,0,1,0.56,0.83,0.1343,10
3,7,1,0,0.76,0.55,0.0896,349
2,5,0,0,0.56,0.52,0.0,130
1,12,0,0,0.26,0.44,0.5821,31
1,3,0,0,0.44,0.94,0.0,69
3,8,0,1,0.64,0.73,0.0,8
3,8,0,1,0.68,0.83,0.0896,6
4,10,0,1,0.4,0.82,0.0,138
1,12,0,0,0.26,0.44,0.4179,20
3,9,0,0,0.58,0.73,0.1642,133
1,12,0,1,0.3,0.49,0.1343,250
2,4,0,0,0.36,0.76,0.0896,125
4,12,0,1,0.2,0.69,0.0,9
2,4,0,1,0.44,0.72,0.1045,684
4,11,0,1,0.4,0.82,0.0,17
1,2,0,1,0.3,0.52,0.2239,172
4,12,0,1,0.38,0.94,0.1045,4
2,4,0,1,0.44,0.38,0.194,192
2,3,0,1,0.52,0.83,0.0896,6
3,6,0,1,0.72,0.54,0.0,170
3,8,0,0,0.74,0.7,0.2537,87
1,2,0,1,0.4,0.76,0.2239,272
1,2,0,1,0.28,0.65,0.0896,43
3,6,0,1,0.72,0.45,0.3881,221
1,3,0,1,0.26,0.7,0.3582,3
1,1,0,0,0.2,0.34,0.2836,224
3,9,0,1,0.56,0.88,0.1642,30
3,9,0,0,0.74,0.62,0.1045,168
3,6,0,0,0.74,0.4,0.1642,443
2,4,0,1,0.42,0.82,0.2836,103
3,7,0,1,0.9,0.42,0.3582,148
4,10,0,1,0.52,0.48,0.1642,332
4,12,0,1,0.4,0.54,0.2836,236
1,2,0,1,0.16,0.86,0.1343,444
2,6,0,1,0.62,0.46,0.2239,130
1,2,0,1,0.4,0.82,0.0,19
2,4,0,1,0.52,0.88,0.2836,314
2,4,0,1,0.56,0.22,0.0896,380
1,1,0,1,0.46,0.63,0.1642,495
4,11,0,1,0.38,0.94,0.1642,7
1,2,0,1,0.24,0.81,0.1343,108
2,4,1,0,0.4,0.76,0.0,18
1,2,0,0,0.34,0.29,0.3582,59
2,3,0,1,0.36,0.4,0.2836,30
2,4,0,1,0.46,0.47,0.0896,39
3,7,0,1,0.86,0.36,0.3582,537
3,7,0,1,0.86,0.5,0.194,152
3,9,0,1,0.5,0.63,0.0896,229
2,6,0,1,0.6,0.56,0.1642,297
1,1,0,1,0.28,0.81,0.0896,239
1,2,0,1,0.56,0.64,0.2985,87
1,2,0,1,0.34,0.71,0.0896,139
4,10,0,0,0.46,0.59,0.4179,25
4,9,0,0,0.66,0.78,0.0,353
1,2,0,0,0.46,0.38,0.2985,246
3,8,0,1,0.72,0.66,0.4925,110
2,5,0,1,0.46,0.44,0.1642,31
2,5,0,1,0.64,0.69,0.2239,181
4,10,0,0,0.54,0.83,0.2985,84
1,3,0,1,0.2,0.69,0.1045,10
2,5,0,0,0.52,0.83,0.1642,191
2,4,0,1,0.5,0.39,0.2836,34
2,4,0,0,0.36,0.43,0.1642,57
3,8,0,1,0.74,0.51,0.2836,878
3,9,0,0,0.66,0.94,0.2239,11
2,5,0,1,0.42,0.67,0.2537,396
3,6,0,1,0.72,0.58,0.2239,164
2,3,0,1,0.34,0.42,0.0,83
3,7,0,1,0.66,0.69,0.2239,8
1,12,0,0,0.26,0.41,0.4179,136
2,5,0,1,0.64,0.73,0.1642,286
2,4,0,0,0.34,1.0,0.1642,19
1,2,0,0,0.3,0.39,0.4179,135
1,2,0,1,0.2,0.86,0.0,10
1,1,0,0,0.42,0.41,0.2239,241
1,1,0,1,0.14,0.59,0.4179,20
3,7,0,0,0.74,0.45,0.2985,433
3,9,0,1,0.66,0.5,0.1642,254
4,12,0,1,0.3,0.65,0.0,118
3,8,0,1,0.7,0.34,0.1045,186
1,3,0,0,0.42,1.0,0.4478,5
2,4,0,0,0.54,0.3,0.3582,343
3,8,0,1,0.72,0.62,0.2239,230
1,2,0,1,0.3,0.26,0.2537,84
3,8,0,1,0.76,0.48,0.1343,316
3,8,0,1,0.6,0.78,0.1343,161
4,11,0,1,0.56,0.64,0.0896,108
3,9,0,1,0.42,0.67,0.2239,409
3,8,0,1,0.62,0.83,0.1343,107
3,7,0,1,0.8,0.63,0.3582,141
4,11,0,0,0.26,0.65,0.1343,9
1,1,0,1,0.36,0.71,0.0,172
3,7,0,1,0.8,0.38,0.1343,374
4,11,0,0,0.28,0.38,0.4478,170
2,3,0,1,0.58,0.78,0.0896,298
1,2,0,1,0.4,0.43,0.2537,430
4,11,0,1,0.32,0.66,0.1343,20
4,12,0,1,0.14,0.93,0.1045,21
2,4,0,1,0.56,0.22,0.1642,181
2,4,0,1,0.38,0.66,0.2239,80
1,2,0,1,0.42,0.5,0.1642,56
2,4,0,1,0.36,0.57,0.3284,589
3,9,0,1,0.56,0.94,0.0,22
2,5,0,1,0.58,0.78,0.194,228
4,11,0,1,0.26,0.65,0.1045,131
1,2,0,1,0.6,0.43,0.194,176
4,9,0,1,0.42,0.77,0.1343,14
1,3,0,0,0.24,0.7,0.194,23
3,7,0,1,0.74,0.66,0.1045,47
4,11,0,1,0.36,0.57,0.4627,66
2,5,0,1,0.7,0.74,0.2836,453
1,2,0,1,0.36,0.81,0.2239,326
2,4,0,1,0.54,0.28,0.5821,281
4,11,0,0,0.3,0.52,0.2836,79
1,2,0,1,0.24,0.7,0.2537,90
4,12,0,0,0.22,0.75,0.0896,26
4,11,0,0,0.34,0.49,0.2537,46
2,5,0,1,0.62,0.69,0.1343,218
2,3,0,0,0.4,0.76,0.1343,313
1,1,0,1,0.32,0.93,0.2239,8
1,12,0,1,0.24,0.6,0.1343,213
4,10,0,0,0.38,0.87,0.1343,79
3,6,0,1,0.6,0.88,0.1343,115
3,9,0,1,0.56,0.64,0.194,274
4,11,0,1,0.52,0.39,0.2239,272
4,10,0,1,0.5,0.82,0.0,331
2,6,0,1,0.7,0.58,0.194,170
3,7,0,1,0.9,0.35,0.3582,276
1,1,0,1,0.18,0.93,0.1045,30
3,8,0,0,0.64,0.83,0.2239,105
2,5,0,1,0.6,0.88,0.1642,30
2,6,0,1,0.7,0.34,0.2537,200
1,2,0,1,0.3,0.87,0.0,34
2,5,0,1,0.6,0.78,0.2537,279
4,12,0,1,0.5,1.0,0.194,45
2,4,0,1,0.46,0.28,0.3881,282
3,7,0,1,0.76,0.62,0.0,46
2,4,0,1,0.7,0.3,0.4478,95
2,3,0,1,0.46,0.38,0.2985,335
2,6,0,1,0.58,0.68,0.194,219
1,12,0,1,0.32,0.57,0.2537,43
3,7,0,0,0.74,0.66,0.2239,70
2,4,0,1,0.5,0.31,0.3284,224
1,12,0,0,0.24,0.75,0.0896,3
3,7,0,0,0.82,0.46,0.2985,174
2,4,0,1,0.5,0.51,0.0896,104
4,11,0,0,0.26,0.81,0.0,29
1,3,0,1,0.38,0.46,0.194,194
2,4,0,1,0.38,0.66,0.2836,1
4,12,0,1,0.34,0.66,0.1642,154
2,4,0,1,0.26,0.93,0.194,7
1,3,0,0,0.3,0.52,0.3284,66
2,5,0,0,0.62,0.61,0.1045,227
2,3,0,1,0.34,0.49,0.0,55
1,1,0,1,0.3,0.42,0.0,84
3,7,0,1,0.8,0.31,0.2239,138
1,3,0,0,0.3,0.36,0.2537,51
2,6,0,1,0.7,0.42,0.2537,393
3,8,0,1,0.86,0.39,0.2836,164
2,6,0,1,0.72,0.32,0.1343,607
2,4,0,1,0.62,0.5,0.0896,13
4,11,0,1,0.38,0.87,0.0,23
3,8,0,1,0.64,0.69,0.0,6
1,1,0,0,0.32,0.36,0.2836,83
4,10,0,1,0.56,0.68,0.2537,387
4,12,0,0,0.2,0.59,0.1642,12
3,8,0,1,0.8,0.41,0.194,176
3,7,0,1,0.84,0.53,0.0,339
2,5,0,1,0.7,0.74,0.2239,358
1,1,0,1,0.34,0.81,0.1045,119
1,1,0,1,0.3,1.0,0.0896,2
1,2,0,0,0.3,0.52,0.2537,119
2,4,0,1,0.68,0.22,0.3582,370
3,8,0,1,0.72,0.51,0.0896,673
3,6,0,0,0.64,0.89,0.0,61
1,2,0,1,0.16,0.34,0.3881,69
1,12,0,1,0.36,0.66,0.1045,11
4,11,0,1,0.26,0.75,0.3284,232
2,5,0,0,0.72,0.45,0.2537,506
4,10,0,0,0.46,0.82,0.0,45
3,9,0,1,0.68,0.62,0.1642,129
1,12,0,1,0.5,0.88,0.2537,105
1,3,0,1,0.26,0.48,0.0896,10
3,8,0,1,0.7,0.84,0.0,7
1,1,0,0,0.18,0.51,0.1642,28
4,12,0,1,0.42,0.54,0.0896,432
1,1,0,0,0.18,0.4,0.1343,70
3,7,0,1,0.64,0.83,0.3881,251
2,5,0,1,0.46,0.88,0.2537,81
2,6,0,1,0.56,0.6,0.2239,11
1,3,0,1,0.46,0.63,0.3881,11
1,1,0,0,0.04,0.41,0.2537,40
3,7,0,1,0.72,0.7,0.1343,6
1,1,0,1,0.14,0.39,0.5821,136
4,11,0,1,0.46,0.94,0.1045,5
1,3,0,0,0.3,0.52,0.2985,5
4,12,0,0,0.42,0.82,0.1343,51
1,1,0,0,0.18,0.37,0.3881,62
1,2,0,1,0.26,0.65,0.0,12
3,8,0,0,0.66,0.89,0.194,24
2,4,0,1,0.6,0.73,0.2985,104
3,8,0,0,0.7,0.61,0.0,135
2,6,0,1,0.6,0.56,0.2985,243
3,7,0,1,0.76,0.7,0.2985,241
3,6,0,1,0.66,0.74,0.2239,485
1,1,0,1,0.34,0.87,0.2239,9
3,9,0,0,0.74,0.55,0.2239,480
2,5,0,1,0.54,0.28,0.4478,154
1,2,0,1,0.34,0.76,0.0,53
2,5,0,1,0.56,0.88,0.1045,324
3,8,0,1,0.72,0.62,0.0,3
1,1,0,1,0.44,0.51,0.5522,267
3,8,0,0,0.7,0.79,0.2537,138
3,8,0,1,0.84,0.26,0.2985,584
4,10,0,1,0.56,0.73,0.0,31
1,1,0,1,0.28,0.48,0.2239,212
1,1,0,0,0.16,0.74,0.1045,9
2,4,0,0,0.34,0.46,0.1343,5
2,6,0,0,0.72,0.37,0.1045,542
2,5,0,1,0.5,0.59,0.4627,361
2,5,0,0,0.6,0.38,0.194,342
2,5,0,1,0.52,0.83,0.1642,20
1,3,0,0,0.4,0.58,0.1045,86
2,6,0,0,0.72,0.62,0.0,150
1,2,0,1,0.24,0.41,0.1045,69
1,2,0,1,0.22,0.8,0.2836,4
2,4,0,1,0.56,0.21,0.2985,203
4,10,0,0,0.26,0.87,0.0,37
2,6,0,1,0.62,0.88,0.1642,3
3,6,0,1,0.74,0.7,0.1642,145
3,9,0,1,0.74,0.58,0.2239,212
1,3,0,1,0.32,0.61,0.2537,107
2,5,1,0,0.7,0.61,0.0,263
1,1,0,1,0.02,0.44,0.1343,315
4,10,0,0,0.6,0.43,0.2537,760
1,1,0,0,0.22,0.47,0.1642,8
4,11,0,0,0.5,0.34,0.2537,285
4,11,0,1,0.4,0.94,0.0,149
2,5,0,1,0.44,0.54,0.194,4
2,4,0,0,0.5,0.63,0.1045,46
2,6,0,0,0.62,0.41,0.2537,679
4,12,0,1,0.46,1.0,0.1642,3
4,10,0,1,0.58,0.83,0.1045,260
1,12,0,1,0.36,0.66,0.2537,73
1,1,0,0,0.26,0.93,0.1343,2
2,5,0,0,0.58,0.4,0.2239,354
3,8,0,0,0.8,0.59,0.4179,310
1,1,0,1,0.1,0.54,0.0,17
2,6,0,1,0.58,0.73,0.1642,112
1,2,0,1,0.44,0.72,0.2239,8
1,1,0,1,0.38,0.58,0.3881,104
4,12,0,0,0.4,0.82,0.194,89
1,1,0,1,0.28,0.36,0.1642,70
3,6,0,1,0.72,0.79,0.1642,219
1,1,0,0,0.18,0.64,0.1343,64
2,4,0,0,0.5,0.59,0.1642,134
3,8,0,1,0.62,0.61,0.0,143
1,2,0,0,0.24,0.81,0.1343,157
3,7,0,0,0.74,0.62,0.0,381
1,2,0,1,0.5,0.55,0.194,140
2,4,0,1,0.32,0.76,0.194,89
3,6,0,0,0.72,0.45,0.2537,307
4,10,0,1,0.4,0.76,0.0,120
1,2,0,1,0.2,0.4,0.4478,12
1,2,0,0,0.36,0.43,0.194,369
3,9,0,1,0.54,0.83,0.3881,89
3,9,0,1,0.5,0.77,0.0896,7
4,12,0,0,0.28,0.45,0.3582,237
2,4,0,1,0.32,0.87,0.2239,47
4,12,0,1,0.28,0.61,0.0896,139
1,1,0,1,0.32,0.49,0.4179,59
3,8,0,0,0.7,0.84,0.3284,114
4,10,0,1,0.6,0.73,0.3881,168
4,10,0,1,0.34,0.61,0.2239,143
4,12,0,1,0.22,0.55,0.2836,71
1,3,0,1,0.4,0.76,0.1642,151
4,12,0,1,0.32,0.87,0.0,2
2,5,0,1,0.46,0.44,0.2836,184
4,11,0,1,0.42,0.38,0.1343,267
3,9,0,1,0.62,0.5,0.2836,210
3,8,0,0,0.7,0.84,0.3284,120
4,11,0,1,0.34,0.49,0.2836,559
3,8,0,1,0.76,0.66,0.194,627
1,1,1,0,0.18,0.47,0.1343,80
3,7,0,1,0.82,0.3,0.2836,169
2,5,0,1,0.5,0.88,0.1343,11
2,4,0,0,0.52,0.34,0.3881,361
1,1,0,0,0.58,0.37,0.2985,449
2,4,0,1,0.34,0.53,0.2239,16
3,8,0,0,0.64,0.89,0.194,16
1,2,0,1,0.34,0.87,0.1343,353
2,5,0,1,0.64,0.78,0.0896,189
1,2,0,0,0.32,0.29,0.6567,258
1,12,0,0,0.28,0.56,0.4925,60
4,10,0,1,0.56,0.52,0.1343,568
1,12,1,0,0.22,0.93,0.1343,3
2,6,0,1,0.6,0.83,0.0,250
2,6,0,1,0.68,0.26,0.2836,391
2,6,0,1,0.62,0.33,0.2537,161
1,3,0,1,0.26,0.41,0.1045,138
3,7,0,1,0.92,0.4,0.2985,161
2,6,0,1,0.54,0.83,0.2239,250
4,10,0,1,0.54,0.88,0.2537,112
4,11,0,1,0.36,0.57,0.2239,75
4,11,0,0,0.36,0.66,0.194,71
3,7,0,1,0.72,0.58,0.1045,327
4,12,0,1,0.22,0.55,0.2836,429
2,4,0,1,0.7,0.54,0.3582,239
3,9,0,1,0.7,0.79,0.0,646
3,9,0,1,0.58,0.78,0.0896,25
2,3,0,1,0.44,0.54,0.2537,164
1,1,0,1,0.28,0.75,0.1642,7
3,7,0,1,0.84,0.32,0.2985,182
2,6,0,1,0.6,0.83,0.2537,16
2,5,0,1,0.58,0.88,0.2985,40
2,4,0,1,0.32,0.93,0.2537,62
1,2,0,1,0.42,0.35,0.2985,266
4,12,0,1,0.2,0.8,0.0,2
1,12,0,1,0.26,0.56,0.1045,130
4,10,0,1,0.6,0.94,0.194,515
3,8,0,1,0.8,0.55,0.2836,479
3,6,0,0,0.64,0.57,0.2239,29
2,5,0,0,0.52,0.83,0.2239,17
4,10,0,0,0.48,0.59,0.4925,491
2,4,0,1,0.34,0.46,0.3284,281
1,3,0,0,0.42,0.35,0.2239,108
3,6,0,1,0.9,0.47,0.194,363
3,9,0,1,0.7,0.84,0.1045,9
2,6,0,0,0.6,0.46,0.0896,125
2,6,0,1,0.62,0.69,0.1343,4
4,11,0,1,0.34,0.61,0.2836,168
2,3,0,1,0.42,0.2,0.0,305
4,10,0,0,0.5,0.45,0.194,359
1,2,0,0,0.34,0.46,0.194,137
1,2,0,1,0.14,0.39,0.3582,45
3,9,0,1,0.54,0.94,0.2239,13
1,3,0,1,0.46,0.72,0.4627,301
1,1,0,1,0.26,0.33,0.3284,79
1,1,0,0,0.14,0.5,0.1045,81
2,4,0,1,0.52,0.32,0.4478,356
3,7,0,1,0.74,0.55,0.0896,331
1,3,0,1,0.24,0.35,0.3284,78
3,9,0,1,0.74,0.74,0.2537,268
1,2,0,1,0.12,0.54,0.0896,2
4,10,0,1,0.66,0.74,0.2239,276
3,8,0,0,0.7,0.74,0.1642,208
1,3,0,0,0.44,0.33,0.2836,154
2,5,0,1,0.46,0.88,0.2239,3
4,9,0,1,0.56,0.88,0.1045,12
2,3,0,1,0.52,0.83,0.0896,41
3,7,0,1,0.74,0.42,0.2537,433
4,11,0,1,0.48,0.41,0.1045,357
4,10,0,1,0.4,0.76,0.1642,412
3,9,0,1,0.56,0.94,0.0,81
1,1,0,0,0.12,0.54,0.2836,17
2,4,0,1,0.54,0.73,0.3284,5
1,2,0,1,0.28,0.56,0.2985,4
2,5,0,0,0.66,0.36,0.194,615
3,9,1,0,0.74,0.74,0.2239,359
1,2,0,1,0.18,0.8,0.1045,277
4,10,0,1,0.54,0.64,0.2836,124
2,6,0,1,0.64,0.44,0.3582,396
2,6,0,1,0.74,0.28,0.3881,165
4,10,0,0,0.44,0.88,0.0,21
3,7,0,1,0.74,0.74,0.0,438
2,5,0,1,0.46,0.55,0.1045,64
2,5,0,1,0.72,0.48,0.1045,274
4,10,0,1,0.54,0.83,0.1642,311
4,12,0,0,0.3,0.87,0.0,293
4,9,0,1,0.6,0.46,0.2985,218
4,10,0,1,0.46,0.67,0.194,170
2,4,0,0,0.36,0.71,0.194,84
2,4,0,1,0.54,0.64,0.2537,471
4,11,0,1,0.4,0.4,0.4179,306
4,10,0,1,0.58,0.64,0.0,785
1,1,0,0,0.18,0.74,0.2836,47
3,7,0,1,0.8,0.75,0.2239,309
3,7,0,1,0.78,0.7,0.2239,169
2,4,0,1,0.44,0.62,0.1045,215
3,7,0,1,0.76,0.75,0.1045,13
4,10,0,0,0.36,0.93,0.2985,47
3,9,0,1,0.54,0.68,0.0,66
4,11,0,0,0.26,0.56,0.2537,92
4,12,0,0,0.44,0.77,0.194,96
3,6,0,0,0.88,0.32,0.1343,362
4,10,0,0,0.3,0.65,0.1642,11
4,11,0,1,0.34,0.61,0.1343,166
3,9,0,0,0.6,0.83,0.1045,207
2,5,1,0,0.66,0.89,0.1045,94
1,1,0,1,0.18,0.47,0.2537,78
1,2,0,0,0.28,0.56,0.1045,66
1,1,0,0,0.26,0.56,0.1642,2
4,11,0,1,0.46,0.77,0.2836,16
3,9,0,0,0.46,0.77,0.2239,79
3,7,0,1,0.72,0.54,0.0,299
4,10,0,1,0.52,0.94,0.1343,5
3,7,0,1,0.84,0.71,0.2239,237
3,6,0,1,0.82,0.46,0.0,167
4,12,0,0,0.38,0.94,0.0,170
2,4,0,1,0.44,0.41,0.2537,134
3,7,0,1,0.72,0.7,0.1642,162
4,11,0,1,0.3,0.75,0.3881,94
1,2,0,1,0.44,0.44,0.2537,90
4,11,0,1,0.34,0.53,0.4179,327
3,9,0,1,0.6,0.53,0.2985,361
1,1,0,0,0.32,0.57,0.1045,20
2,6,0,1,0.9,0.42,0.0,136
2,3,0,1,0.24,0.93,0.2537,27
2,4,0,1,0.74,0.23,0.6119,366
1,1,0,1,0.24,0.65,0.194,119
4,10,0,1,0.54,0.56,0.3284,37
2,4,0,1,0.56,0.3,0.0,337
4,11,0,1,0.36,0.29,0.2537,325
2,3,0,1,0.22,0.44,0.1642,2
2,5,1,0,0.86,0.41,0.2239,304
2,4,0,1,0.42,0.47,0.2985,162
2,5,0,1,0.54,0.9,0.1343,33
3,8,0,0,0.72,0.79,0.2537,19
3,9,0,1,0.62,0.83,0.1642,429
1,2,0,1,0.2,0.47,0.194,5
3,9,0,1,0.5,0.77,0.1642,8
2,4,0,1,0.44,0.24,0.194,5
3,6,0,0,0.72,0.42,0.1642,421
2,4,0,0,0.38,0.46,0.0,12
3,7,0,0,0.66,0.74,0.0896,25
3,8,0,1,0.74,0.66,0.1045,381
3,8,0,0,0.72,0.79,0.1642,87
1,12,0,1,0.22,0.69,0.2836,11
1,12,0,0,0.24,0.52,0.4627,33
1,3,0,1,0.18,0.51,0.1045,102
2,3,0,1,0.52,0.83,0.0896,7
3,7,0,1,0.78,0.52,0.2239,820
1,12,0,0,0.38,0.62,0.1343,38
1,2,1,0,0.42,0.26,0.2985,8
3,6,0,0,0.64,0.69,0.1045,71
1,3,0,1,0.46,0.77,0.2537,286
1,1,0,1,0.16,0.93,0.1045,29
4,9,0,0,0.6,0.4,0.2537,750
4,12,0,0,0.4,0.87,0.1642,547
4,10,0,0,0.44,0.62,0.1045,236
3,8,0,1,0.72,0.7,0.1045,288
1,1,0,1,0.18,0.93,0.1642,195
4,11,0,1,0.22,0.64,0.0,7
1,1,0,1,0.2,0.4,0.2537,50
4,11,0,1,0.42,0.38,0.1045,296
3,7,0,1,0.7,0.74,0.2239,25
1,3,0,1,0.34,0.76,0.2537,188
4,11,0,1,0.22,0.64,0.0896,16
3,7,0,1,0.74,0.62,0.3582,614
2,4,0,0,0.42,0.67,0.2239,31
1,2,0,0,0.32,0.49,0.2537,94
2,3,0,1,0.34,0.49,0.2985,3
2,6,0,1,0.72,0.51,0.2836,438
4,9,0,1,0.68,0.61,0.2239,316
3,8,0,1,0.78,0.55,0.0896,285
2,4,0,1,0.24,0.7,0.1045,13
1,3,0,1,0.34,0.29,0.4627,71
2,6,0,1,0.56,0.83,0.194,221
1,3,0,1,0.3,0.93,0.1045,31
4,12,0,0,0.26,0.35,0.0,288
2,3,0,1,0.5,0.42,0.1045,307
2,5,0,1,0.6,0.43,0.194,195
1,1,0,1,0.36,0.93,0.1343,89
2,6,0,0,0.64,0.83,0.1045,93
3,6,0,1,0.76,0.27,0.4478,791
4,10,0,1,0.4,0.82,0.1343,27
4,10,0,1,0.58,0.94,0.1343,24
2,5,0,1,0.5,1.0,0.0,257
2,6,0,1,0.72,0.79,0.0896,6
3,7,0,1,0.9,0.39,0.3284,607
4,10,0,1,0.58,0.83,0.1045,179
2,4,0,0,0.42,0.54,0.194,17
1,2,0,1,0.36,0.46,0.5224,213
3,9,0,1,0.6,0.88,0.1045,75
3,8,0,1,0.8,0.49,0.2836,297
4,12,0,0,0.28,0.45,0.194,138
3,8,0,0,0.74,0.66,0.3582,512
4,11,1,0,0.34,0.61,0.0,81
4,10,0,0,0.4,0.82,0.0,65
2,4,1,0,0.74,0.45,0.2985,263
3,6,0,1,0.62,0.41,0.3582,190
1,1,0,1,0.16,0.59,0.194,161
1,12,0,1,0.44,0.77,0.0,145
1,2,0,1,0.34,0.46,0.6567,45
4,10,0,1,0.42,0.58,0.1343,222
2,6,0,1,0.74,0.58,0.4478,222
4,11,0,1,0.38,0.4,0.1642,196
4,9,0,1,0.6,0.83,0.0,196
3,8,0,1,0.72,0.37,0.194,175
1,2,0,0,0.24,0.87,0.1343,14
3,8,0,1,0.8,0.52,0.0,313
3,8,0,1,0.66,0.83,0.0896,263
3,8,0,0,0.82,0.59,0.2836,374
2,6,0,0,0.56,0.56,0.1343,148
2,5,0,0,0.46,0.84,0.1045,178
2,6,0,1,0.72,0.7,0.2985,316
2,5,0,1,0.66,0.27,0.1642,868
4,12,0,1,0.26,0.56,0.2537,24
1,1,0,1,0.22,0.6,0.1045,19
1,1,0,1,0.42,0.41,0.194,177
2,5,0,0,0.68,0.65,0.3881,540
3,7,0,0,0.6,0.88,0.1642,214
1,1,0,1,0.22,0.75,0.0896,25
2,5,0,1,0.64,0.65,0.194,204
2,4,0,0,0.36,0.53,0.3582,148
1,2,0,1,0.46,0.47,0.2239,186
3,8,0,1,0.8,0.27,0.0,222
1,1,0,1,0.22,0.87,0.1642,4
1,1,0,1,0.02,0.41,0.1642,59
1,12,0,0,0.26,0.56,0.4179,28
3,8,0,0,0.86,0.41,0.3284,490
1,3,0,0,0.44,0.77,0.3284,70
3,8,0,1,0.76,0.4,0.0,360
2,5,0,0,0.66,0.5,0.0,493
2,4,0,0,0.44,0.24,0.2239,64
4,12,0,0,0.24,0.7,0.0896,6
3,8,0,1,0.6,0.88,0.1045,11
4,11,0,0,0.4,0.82,0.2985,42
3,9,0,0,0.82,0.52,0.5224,668
2,4,0,1,0.56,0.83,0.2985,96
4,10,0,1,0.44,0.62,0.2836,5
3,9,0,0,0.62,0.5,0.1642,481
3,7,0,1,0.76,0.45,0.2239,294
1,1,0,1,0.16,0.26,0.4478,65
1,1,0,1,0.14,0.43,0.2239,60
3,7,0,1,0.8,0.43,0.1045,201
4,12,0,1,0.18,0.74,0.0,2
2,4,0,0,0.38,0.82,0.3284,68
1,2,0,1,0.46,0.59,0.1343,31
4,11,0,1,0.52,0.36,0.194,310
4,9,0,1,0.62,0.94,0.0896,113
1,2,0,1,0.28,0.93,0.1045,1
1,3,0,1,0.5,0.45,0.2239,105
3,7,0,1,0.7,0.65,0.1343,2
1,1,0,0,0.34,0.57,0.2239,324
3,7,0,0,0.76,0.55,0.2836,391
3,9,0,1,0.54,0.94,0.3881,89
4,10,0,0,0.44,0.62,0.1045,282
4,10,0,1,0.46,0.88,0.2537,215
1,1,0,0,0.14,0.8,0.0,29
4,11,0,0,0.36,0.66,0.2537,74
3,7,0,0,0.66,0.83,0.1045,158
1,3,0,1,0.52,0.68,0.0,351
4,10,0,1,0.56,0.68,0.2985,513
4,12,0,1,0.34,0.49,0.0896,81
3,8,0,1,0.8,0.29,0.0,142
4,11,0,1,0.22,0.44,0.194,375
2,4,0,1,0.7,0.48,0.3881,145
2,5,0,1,0.56,0.37,0.0896,127
2,4,0,0,0.36,0.71,0.1642,3
1,1,0,1,0.28,0.75,0.0896,6
4,9,0,1,0.64,0.61,0.194,211
1,2,0,1,0.24,0.7,0.0896,20
3,6,0,1,0.6,0.35,0.3881,30
4,11,0,1,0.36,0.62,0.4179,24
1,1,0,1,0.26,0.75,0.194,1
2,3,0,1,0.7,0.45,0.1642,830
4,10,0,1,0.42,0.5,0.1343,11
3,6,0,0,0.64,0.83,0.0896,47
1,2,0,1,0.54,0.6,0.4627,83
1,1,0,1,0.24,0.92,0.1045,90
2,3,0,1,0.48,0.94,0.2239,149
4,11,0,1,0.44,1.0,0.0,148
1,3,0,1,0.32,0.93,0.0896,2
2,4,0,0,0.62,0.57,0.2537,229
1,1,0,1,0.16,0.55,0.2836,2
3,7,0,0,0.84,0.49,0.1642,132
2,4,0,1,0.42,0.82,0.0896,189
4,11,0,1,0.34,0.53,0.1045,382
1,3,0,1,0.32,0.76,0.3582,99
2,6,0,1,0.64,0.38,0.4478,834
4,11,0,1,0.52,0.48,0.2537,169
1,3,0,1,0.4,0.66,0.194,36
2,4,0,0,0.46,0.28,0.1343,274
1,2,0,1,0.16,0.93,0.0,52
4,11,0,1,0.32,0.61,0.0,57
1,3,0,1,0.24,0.35,0.3284,167
1,1,0,1,0.22,0.41,0.2836,85
3,7,0,1,0.9,0.5,0.1045,109
1,3,0,1,0.36,0.0,0.194,3
3,9,0,1,0.48,0.77,0.1642,6
3,9,0,1,0.56,0.73,0.194,68
4,12,0,0,0.26,0.81,0.0896,5
4,10,0,0,0.42,0.71,0.2836,195
1,2,0,1,0.3,0.7,0.1642,202
3,7,0,1,0.8,0.63,0.1343,199
3,6,0,1,0.76,0.35,0.2239,170
1,2,0,1,0.2,0.47,0.1045,38
2,5,0,1,0.5,0.72,0.2537,146
4,12,0,0,0.26,0.52,0.2836,181
4,11,0,0,0.36,0.46,0.2537,320
1,1,0,0,0.1,0.36,0.194,25
3,7,0,1,0.76,0.58,0.194,17
2,5,1,0,0.76,0.58,0.0,237
1,1,1,0,0.26,0.48,0.3284,193
1,2,0,1,0.3,0.49,0.0,529
3,8,0,1,0.76,0.4,0.0896,245
2,5,0,1,0.46,0.88,0.2537,21
2,6,0,0,0.72,0.34,0.2537,344
1,1,0,1,0.16,0.43,0.3881,88
2,6,0,1,0.54,0.64,0.2836,14
2,4,0,1,0.4,0.5,0.1343,136
1,2,0,0,0.28,0.33,0.4478,29
2,6,0,1,0.64,0.83,0.2239,325
2,5,0,1,0.48,0.94,0.0,5
4,10,0,0,0.4,0.43,0.0,347
1,12,0,1,0.3,0.56,0.1045,135
2,4,0,1,0.48,0.33,0.3284,177
2,3,0,1,0.56,0.43,0.3284,273
4,11,0,1,0.32,0.87,0.0,4
1,2,0,1,0.32,0.42,0.3582,21
4,12,0,0,0.18,0.55,0.0,31
3,8,0,1,0.86,0.36,0.1642,97
3,7,0,0,0.72,0.7,0.0,13
1,2,0,1,0.3,0.7,0.0896,3
4,11,0,0,0.24,0.93,0.0896,16
1,1,0,0,0.4,0.76,0.194,1
4,11,0,1,0.34,0.49,0.3284,376
1,2,0,1,0.38,0.4,0.2239,33
3,7,0,1,0.88,0.47,0.1045,306
2,6,0,1,0.64,0.73,0.0896,328
1,1,0,1,0.26,0.48,0.2985,234
2,4,0,0,0.42,0.41,0.2537,243
3,7,0,1,0.84,0.53,0.3284,164
2,3,0,1,0.72,0.42,0.1642,957
4,9,0,1,0.46,0.63,0.0,37
1,3,0,1,0.46,0.88,0.0896,2
2,3,0,1,0.28,0.24,0.2985,19
2,5,0,0,0.64,0.89,0.1343,64
2,5,0,0,0.68,0.83,0.1642,229
3,9,0,0,0.64,0.78,0.0,175
3,9,0,0,0.6,0.83,0.1642,181
2,4,0,1,0.44,0.3,0.4478,206
3,8,0,1,0.74,0.51,0.0,280
3,9,0,1,0.62,0.65,0.1045,317
3,9,0,1,0.58,0.68,0.1343,299
3,9,0,1,0.54,0.68,0.2537,12
4,11,0,1,0.38,0.46,0.0,268
2,6,0,0,0.64,0.41,0.2537,511
2,6,0,1,0.74,0.79,0.1343,47
3,8,0,0,0.7,0.58,0.1343,181
1,3,0,1,0.26,0.55,0.2985,120
1,12,0,1,0.32,0.87,0.1642,10
1,2,0,1,0.32,0.76,0.1642,90
4,12,0,1,0.34,0.55,0.0,115
3,8,0,1,0.76,0.45,0.4179,182
2,4,0,0,0.5,1.0,0.0,27
4,10,0,0,0.42,0.94,0.4925,154
1,2,0,1,0.34,0.49,0.1045,134
4,11,0,0,0.36,0.81,0.0,44
1,1,0,1,0.16,0.59,0.1642,128
3,8,0,1,0.76,0.58,0.194,303
1,1,0,1,0.42,0.94,0.1343,13
4,9,0,0,0.58,0.94,0.0896,79
3,8,0,1,0.64,0.89,0.0,220
2,6,0,1,0.54,0.56,0.0896,113
2,5,0,1,0.74,0.48,0.2537,204
3,7,0,0,0.88,0.42,0.1642,243
4,11,1,0,0.38,0.37,0.4627,247
4,11,0,1,0.24,0.56,0.0896,29
3,7,1,0,0.64,0.83,0.0,63
3,6,0,1,0.7,0.54,0.1642,351
1,1,0,0,0.16,0.28,0.3582,110
2,6,0,1,0.72,0.28,0.4925,139
2,6,0,0,0.54,0.6,0.1642,169
2,5,0,1,0.54,0.73,0.194,180
1,2,0,1,0.34,0.53,0.194,4
1,1,0,1,0.34,0.87,0.1045,75
2,6,0,1,0.64,0.89,0.194,402
2,3,0,0,0.44,0.94,0.2836,80
3,7,1,0,0.82,0.46,0.1343,485
2,5,0,0,0.52,0.94,0.1045,68
3,8,0,1,0.74,0.51,0.2239,812
1,3,0,1,0.62,0.61,0.2239,549
1,1,0,0,0.08,0.53,0.194,1
2,4,0,0,0.38,0.94,0.0896,55
4,12,0,0,0.38,0.82,0.194,417
2,4,0,1,0.56,0.68,0.1343,287
4,10,0,1,0.5,0.77,0.0896,6
3,7,0,1,0.8,0.46,0.2537,290
4,12,0,1,0.32,0.45,0.2985,153
1,3,0,1,0.6,0.69,0.2537,801
1,1,0,1,0.34,0.87,0.194,98
3,7,0,1,0.68,0.89,0.0896,39
3,8,0,0,0.66,0.89,0.4179,88
2,4,0,1,0.36,0.62,0.194,33
2,4,0,1,0.64,0.78,0.2836,156
1,1,0,1,0.2,0.4,0.3284,144
2,5,0,0,0.56,0.43,0.194,267
2,4,1,0,0.68,0.51,0.2537,271
2,5,0,0,0.42,0.77,0.0896,13
3,9,0,1,0.7,0.84,0.0896,150
3,8,0,1,0.9,0.27,0.0,129
4,12,0,1,0.46,0.44,0.4925,246
2,6,0,0,0.6,0.73,0.2537,98
4,9,0,0,0.64,0.36,0.2239,648
2,4,0,0,0.7,0.39,0.3881,617
4,12,0,0,0.22,0.75,0.194,49
4,12,0,1,0.34,0.46,0.3881,293
2,4,0,1,0.32,0.7,0.3284,100
3,8,0,1,0.84,0.32,0.4478,488
3,6,0,1,0.7,0.48,0.1343,233
2,4,0,1,0.42,0.77,0.0,4
4,10,0,1,0.42,0.54,0.1642,230
2,4,0,1,0.52,0.55,0.2836,90
4,11,0,1,0.28,0.56,0.194,115
4,11,0,1,0.3,0.81,0.0,92
2,6,0,1,0.64,0.65,0.1642,337
2,4,0,0,0.4,0.87,0.0,150
3,8,0,1,0.66,0.78,0.3284,272
1,1,0,1,0.22,0.35,0.2985,61
3,8,0,1,0.6,0.49,0.194,344
4,12,0,1,0.32,0.45,0.1642,102
4,11,0,0,0.36,0.46,0.4478,448
1,2,0,0,0.42,0.41,0.2537,499
1,12,0,1,0.26,0.44,0.2836,40
4,11,0,1,0.5,0.51,0.194,179
3,7,0,1,0.76,0.55,0.0,343
1,12,0,1,0.36,0.46,0.3582,111
1,2,1,0,0.34,0.34,0.2239,242
1,3,0,1,0.34,0.76,0.2985,194
1,2,0,1,0.42,0.32,0.2836,171
